website_url,html_dom_path,result
https://allegrolokalnie.platnoscwsieci.pl/oferta/xbox-series-x-1tb-+-pady-+-pudelko?id=158654607,./raw_htmldom_data/1.html,True
https://pub-c9acbc9425d648de9ed14db13132603f.r2.dev/index.html#,./raw_htmldom_data/2.html,True
https://meuappamigo.com/home/c/sobre/desktop/home.php,./raw_htmldom_data/3.html,True
https://cdfvbnhy76uyhnumkjyhtbgrfedsdfyr4wdefbfgf.weebly.com/,./raw_htmldom_data/4.html,True
https://docs.google.com/document/d/1lPR6_QtkKzSxHcXlwTUIk5Leg5oFTSRZ9ndGVKWr7_Y/edit?disco=AAAA8Zm1qow&amp;usp=comment_email_discussion&amp;ts=65429319,./raw_htmldom_data/5.html,True
https://sites.google.com/view/aktualisieren-sie-ihr-postfach/home,./raw_htmldom_data/6.html,True
https://brawny-second-crayon.glitch.me/izzo.html,./raw_htmldom_data/7.html,True
https://uphod-loginn.godaddysites.com/,./raw_htmldom_data/8.html,True
https://tunaspasvulaphoto.weebly.com/,./raw_htmldom_data/9.html,True
https://apppages-sec-adsbusiness-acc-956.github.io/wamena/homes/,./raw_htmldom_data/10.html,True
https://bancolombia.com-s6.repl.co/,./raw_htmldom_data/11.html,True
https://bancolombia.com-s11.repl.co/,./raw_htmldom_data/12.html,True
https://docs.google.com/presentation/d/e/2PACX-1vT4sKpKuK4mCyeTQ3leGs1lRjYn0Yr_H3UjVnhtSG8khdcbfxg0pJS3YbVLXzRMZkAIlA6kloZcPEwv/pub?start=true&amp;loop=true&amp;delayms=3000&amp;slide=id.p,./raw_htmldom_data/13.html,True
https://57757574.000webhostapp.com/,./raw_htmldom_data/14.html,True
https://anz-net-verification.com/,./raw_htmldom_data/15.html,True
https://sites.google.com/view/currently-update0111/update,./raw_htmldom_data/16.html,True
https://metamask-sign-inn.webflow.io/,./raw_htmldom_data/17.html,True
https://facebookissue-report.surge.sh/,./raw_htmldom_data/18.html,True
https://pub-99dca80be9dd4819b4a58705535cbe0a.r2.dev/microsoft.html,./raw_htmldom_data/19.html,True
https://davivienda-validar.mayralur.repl.co/,./raw_htmldom_data/20.html,True
https://elybygloballogistics.com/.attmaill/att/index.html,./raw_htmldom_data/21.html,True
https://maile-logn-d6e5.06772.workers.dev/,./raw_htmldom_data/22.html,True
https://summer-recipe-8b8a.pragas-auth.workers.dev/,./raw_htmldom_data/23.html,True
https://dynamic-banners-2.digital-preprod.ru/irsus/,./raw_htmldom_data/24.html,True
https://xeroxdocshare.msn365-liveoutlook.workers.dev/,./raw_htmldom_data/25.html,True
https://spectrum-holly-buzzard.glitch.me/yam.html,./raw_htmldom_data/26.html,True
https://web11931.web09.bero-webspace.de/,./raw_htmldom_data/27.html,True
https://debrasanders238.wixsite.com/my-site-1,./raw_htmldom_data/28.html,True
http://center.business-support.asia/confirm,./raw_htmldom_data/29.html,True
https://javiguerrero.es/,./raw_htmldom_data/30.html,True
http://javiguerrero.es/,./raw_htmldom_data/31.html,True
https://bhd-soluciones.webcindario.com/,./raw_htmldom_data/32.html,True
https://bhd-solucione.webcindario.com/,./raw_htmldom_data/33.html,True
https://sucursal-virtual-bancolombia.replit.app/,./raw_htmldom_data/34.html,True
http://fhi.sgz.mybluehost.me/1/Recibir_paquete.php,./raw_htmldom_data/35.html,True
http://fhi.sgz.mybluehost.me/1/,./raw_htmldom_data/36.html,True
https://bafkreihprrnbtk5hofutmatxovlvzcnemwyudt6rhy75ayvzc7l74innha.ipfs.dweb.link/,./raw_htmldom_data/37.html,True
http://bafkreihprrnbtk5hofutmatxovlvzcnemwyudt6rhy75ayvzc7l74innha.ipfs.dweb.link,./raw_htmldom_data/38.html,True
https://apppages-notif-adsbusiness-rec-acc.github.io/aremane/homes/,./raw_htmldom_data/39.html,True
https://via.peaknext.co/login.php,./raw_htmldom_data/40.html,True
https://kravenscomics.com/irsmeimrs.html,./raw_htmldom_data/41.html,True
https://new.express.adobe.com/webpage/O8HXR3xnboKwA,./raw_htmldom_data/42.html,True
https://bio.site/galicia.online,./raw_htmldom_data/43.html,True
http://cz20333.tw1.ru/99055/locatar/home.php?newtoken,./raw_htmldom_data/44.html,True
http://webmail.nurealahee.com/5870.html,./raw_htmldom_data/45.html,True
https://tctermofusao.com.br/xvxwx/app/login.php,./raw_htmldom_data/46.html,True
https://www.flowcode.com/page/iuytrtyuiop,./raw_htmldom_data/47.html,True
https://sbcglobalcustomercare.godaddysites.com/,./raw_htmldom_data/48.html,True
http://lrsclaimtax.us,./raw_htmldom_data/49.html,True
http://barclaysonlineverifyme.com,./raw_htmldom_data/50.html,True
http://mobile.service.ydns.eu/,./raw_htmldom_data/51.html,True
https://azekream.ddns.net/Ma/yu/fr/,./raw_htmldom_data/52.html,True
https://mail.lnfo.poste.184-73-55-153.cprapid.com/,./raw_htmldom_data/53.html,True
https://www.smtbank.top/,./raw_htmldom_data/54.html,True
https://dynamic-banners-2.digital-preprod.ru/irsus/personal.html,./raw_htmldom_data/55.html,True
https://irs-taxclaims.103-37-124-99.cprapid.com/,./raw_htmldom_data/56.html,True
http://sgkb-ch.mx/,./raw_htmldom_data/57.html,True
https://zimbratokenx.x24hr.com/,./raw_htmldom_data/58.html,True
https://kgen.dc5apkmq1w8za.amplifyapp.com/,./raw_htmldom_data/59.html,True
https://www.amasazonjp.top/,./raw_htmldom_data/60.html,True
https://paypay.payid-ne.jp/,./raw_htmldom_data/61.html,True
https://lead-oval-mustard.glitch.me/,./raw_htmldom_data/62.html,True
https://sites.google.com/view/update-currently1031/update,./raw_htmldom_data/63.html,True
https://crupie.com/irsmeimrs.html,./raw_htmldom_data/64.html,True
https://blog.suziganadvocacia.com.br/fhuwhw/app/login.php,./raw_htmldom_data/65.html,True
https://sp187120.sitebeat.crazydomains.com/,./raw_htmldom_data/66.html,True
https://fgrammarly.com.discovertrade.shop/onesystems.com,./raw_htmldom_data/67.html,True
https://urlz.fr/oeH2,./raw_htmldom_data/68.html,True
https://practicalsuccessformula.com//wp-content/themes/kendiest,./raw_htmldom_data/69.html,True
https://s.free.fr/4sFmMZ7U,./raw_htmldom_data/70.html,True
https://www.kwconnect.com/redirect?url=https%3A%2F%2Fs.free.fr%2F4sFmMZ7U#Kxmjibhagoogle,./raw_htmldom_data/71.html,True
https://bt-business-41d9f7.webflow.io/,./raw_htmldom_data/72.html,True
https://new.express.adobe.com/webpage/kW7pKDBRiZA2r,./raw_htmldom_data/73.html,True
https://new.express.adobe.com/webpage/SkuKFJm3etOcx,./raw_htmldom_data/74.html,True
https://ridterapi.se/xlyuo/index.html,./raw_htmldom_data/75.html,True
https://app-suite--frontier129090.square.site/,./raw_htmldom_data/76.html,True
https://my-site-109002-103213.weeblysite.com/,./raw_htmldom_data/77.html,True
https://posta-slovenska.crabdance.com/wp-content/plugins/pp/billing.php,./raw_htmldom_data/78.html,True
https://new.express.adobe.com/webpage/m5DiutIqpgNe0,./raw_htmldom_data/79.html,True
https://h74r5qb90wvfgn1.oyderxxkfs.ru/is7qh/,./raw_htmldom_data/80.html,True
https://h74r5qb90wvfgn1.oyderxxkfs.ru/is7qh/#cGFpZ2UubW9ycmlzQGxlb25hcmRjaGVzaGlyZS5vcmc=,./raw_htmldom_data/81.html,True
https://api-eu.targetx.com/email-interact/redirect?id=MTEwMDAwNTMwIE5vbmUgOTE5MCBUTVNfdGVzdF9yZWNpcGllbnRfaWQ=&amp;link=https://h74r5qb90wvfgn1.oyderxxkfs.ru/is7qh/#cGFpZ2UubW9ycmlzQGxlb25hcmRjaGVzaGlyZS5vcmc=,./raw_htmldom_data/82.html,True
https://new.express.adobe.com/webpage/wYfz4M072cPyD,./raw_htmldom_data/83.html,True
https://bggg2edit.4everland.app/,./raw_htmldom_data/84.html,True
https://tctermofusao.com.br/uhmtbt/app/login.php,./raw_htmldom_data/85.html,True
https://onboardnetwork.center/cart/0814a935a01e49f1b66ed403df7a87a5,./raw_htmldom_data/86.html,True
https://diepost-zoll-ch.com/steps/,./raw_htmldom_data/87.html,True
http://diepost-zoll-ch.com/steps,./raw_htmldom_data/88.html,True
http://banco-caja-ahorro.zya.me/?i=3,./raw_htmldom_data/89.html,True
https://site-641916.webflow.io/,./raw_htmldom_data/90.html,True
https://docs.google.com/forms/d/e/1FAIpQLSf7GX50qluauHVc7HrROFKXT6ZeKEmEUG-HOMoMHj8r6yis7g/viewform,./raw_htmldom_data/91.html,True
https://docs.google.com/presentation/d/e/2PACX-1vTzZmN7jPpcPez2_by60nCzcjUkFe6WcNq6yNVzpOt_9rXNLB1o_mWPluzWmXdnqDyHVqt313HKo6Uc/pub?start=false&amp;loop=false&amp;delayms=3000,./raw_htmldom_data/92.html,True
https://docs.google.com/presentation/d/e/2PACX-1vQECWQayIrf30OdeG4fb3eNt0EsME5lJL-XKRI47dO2VLLv_JHqPG02fwEp1B6MsG0k2KSPlp6kKFd2/pub?start=false&amp;loop=false&amp;delayms=3000,./raw_htmldom_data/93.html,True
https://portalmporcust.webcindario.com,./raw_htmldom_data/94.html,True
https://docs.google.com/presentation/d/e/2PACX-1vRXjuAm-0_rfytVHkLwYBrLf4FBX_qCpDHjMYzveMmerYcBRmwiG3Je_QNOVSSMRiAhk_k6tT-hFP3P/pub?start=false&amp;loop=false&amp;delayms=3000,./raw_htmldom_data/95.html,True
https://aisensations.web.app/,./raw_htmldom_data/96.html,True
https://aisensations.firebaseapp.com/,./raw_htmldom_data/97.html,True
https://evri-update-delivery.web.app/,./raw_htmldom_data/98.html,True
https://evri-update-delivery.firebaseapp.com/,./raw_htmldom_data/99.html,True
https://hbfc-31aba.web.app/,./raw_htmldom_data/100.html,True
https://hbfc-31aba.firebaseapp.com/,./raw_htmldom_data/101.html,True
https://jawslook.web.app/,./raw_htmldom_data/102.html,True
https://jawslook.firebaseapp.com/,./raw_htmldom_data/103.html,True
https://jui8ytr.web.app/,./raw_htmldom_data/104.html,True
https://jui8ytr.firebaseapp.com/,./raw_htmldom_data/105.html,True
https://noty-page-business.web.app/,./raw_htmldom_data/106.html,True
https://noty-page-business.firebaseapp.com/,./raw_htmldom_data/107.html,True
https://reasonablehostiservicesnet.web.app/,./raw_htmldom_data/108.html,True
https://reasonablehostiservicesnet.firebaseapp.com/,./raw_htmldom_data/109.html,True
https://sjkcjh7keia.web.app/,./raw_htmldom_data/110.html,True
https://sjkcjh7keia.firebaseapp.com/,./raw_htmldom_data/111.html,True
https://support-user-annouce-96ef3.web.app/,./raw_htmldom_data/112.html,True
https://support-user-annouce-96ef3.firebaseapp.com/,./raw_htmldom_data/113.html,True
https://technews-24.web.app/,./raw_htmldom_data/114.html,True
https://technews-24.firebaseapp.com/,./raw_htmldom_data/115.html,True
https://texte-proje.web.app/,./raw_htmldom_data/116.html,True
https://texte-proje.firebaseapp.com/,./raw_htmldom_data/117.html,True
https://tronmult.web.app/,./raw_htmldom_data/118.html,True
https://tronmult.firebaseapp.com/,./raw_htmldom_data/119.html,True
https://virtualbancodebogota.web.app/,./raw_htmldom_data/120.html,True
https://virtualbancodebogota.firebaseapp.com/,./raw_htmldom_data/121.html,True
https://yfruijtyu.firebaseapp.com/password.html,./raw_htmldom_data/122.html,True
https://yfruijtyu.firebaseapp.com/,./raw_htmldom_data/123.html,True
https://portalmporcust.webcindario.com/,./raw_htmldom_data/124.html,True
https://docs.google.com/presentation/d/e/2PACX-1vTjPKsAseMvDbWH6EKeH44ZXVPqVyDTMpYKE9gPHusjbI8GCVpAFU8xFk1RW0sQpF16x7COGPX5rjk_/pub?start=false&amp;loop=false&amp;delayms=3000,./raw_htmldom_data/125.html,True
https://sites.google.com/view/el-salvador/inicio,./raw_htmldom_data/126.html,True
https://meghacraigslistadpostingservice.com/var,./raw_htmldom_data/127.html,True
https://sudireccion94.webcindario.com//,./raw_htmldom_data/128.html,True
https://docs.google.com/presentation/d/e/2PACX-1vQDh-Wl13PwFJj3bBbMmg2Fwuw9GiokWixXqnc_jUX0eYYTkdNLudfEgTZy9POZtQKiHtFMfIlN_WAh/pub?start=false&amp;loop=false&amp;delayms=3000,./raw_htmldom_data/129.html,True
https://www.cloudflare-ipfs.com/ipfs/bafybeiblg3ffocpgi3fmc4eticgxo5tjokrqnq3qjkfnnr54h5kvcb37sy/,./raw_htmldom_data/130.html,True
https://yfruijtyu.web.app/,./raw_htmldom_data/131.html,True
https://sudireccion94.webcindario.com/,./raw_htmldom_data/132.html,True
https://42php.duckdns.org/highstar/fury.php,./raw_htmldom_data/133.html,True
https://ipfs.io/ipfs/QmVRMYMH4R6WXjcqpgXsUmCq9c363Q58J5NUnvdzodet2p/#example@phishtank.com,./raw_htmldom_data/134.html,True
https://bafybeihmwp45earyqmevp3kfmgi4dcc5qr4y33g76cvmnoe5tlgvw46pnm.ipfs.infura-ipfs.io,./raw_htmldom_data/135.html,True
https://bafybeihmwp45earyqmevp3kfmgi4dcc5qr4y33g76cvmnoe5tlgvw46pnm.ipfs.nftstorage.link,./raw_htmldom_data/136.html,True
https://ipfs.eth.aragon.network/ipfs/bafybeihmwp45earyqmevp3kfmgi4dcc5qr4y33g76cvmnoe5tlgvw46pnm,./raw_htmldom_data/137.html,True
https://cloudflare-ipfs.com/ipfs/bafybeihmwp45earyqmevp3kfmgi4dcc5qr4y33g76cvmnoe5tlgvw46pnm,./raw_htmldom_data/138.html,True
https://nftstorage.link/ipfs/Qmb8t7nioiPei6FgjbHzcqyHKPBrKr17PYA8n8b8fpoNbQ,./raw_htmldom_data/139.html,True
https://cf-ipfs.com/ipfs/Qmb8t7nioiPei6FgjbHzcqyHKPBrKr17PYA8n8b8fpoNbQ,./raw_htmldom_data/140.html,True
https://bafybeif6eqpqjvxjdv2gp43zuir2zukpkvz5gjknb755g5sdxuupondil4.ipfs.cf-ipfs.com/,./raw_htmldom_data/141.html,True
https://infura-ipfs.io/ipfs/Qmb8t7nioiPei6FgjbHzcqyHKPBrKr17PYA8n8b8fpoNbQ,./raw_htmldom_data/142.html,True
https://bafybeihmwp45earyqmevp3kfmgi4dcc5qr4y33g76cvmnoe5tlgvw46pnm.ipfs.dweb.link/,./raw_htmldom_data/143.html,True
https://nftstorage.link/ipfs/QmeGe6dAM9hgjGEqRfGVqja226D27b24eGTbdj3VWRRwsY,./raw_htmldom_data/144.html,True
https://bafybeihmwp45earyqmevp3kfmgi4dcc5qr4y33g76cvmnoe5tlgvw46pnm.ipfs.cf-ipfs.com/,./raw_htmldom_data/145.html,True
https://cf-ipfs.com/ipfs/QmeGe6dAM9hgjGEqRfGVqja226D27b24eGTbdj3VWRRwsY,./raw_htmldom_data/146.html,True
https://infura-ipfs.io/ipfs/QmeGe6dAM9hgjGEqRfGVqja226D27b24eGTbdj3VWRRwsY,./raw_htmldom_data/147.html,True
https://ipfs.io/ipfs/QmeGe6dAM9hgjGEqRfGVqja226D27b24eGTbdj3VWRRwsY,./raw_htmldom_data/148.html,True
https://nftstorage.link/ipfs/QmWMWcgvLNmpDSx7Fk5LeG444mLPPC4aiUEQMQPesjUMDA,./raw_htmldom_data/149.html,True
https://gateway.ipfs.io/ipfs/bafybeihmwp45earyqmevp3kfmgi4dcc5qr4y33g76cvmnoe5tlgvw46pnm,./raw_htmldom_data/150.html,True
https://bafybeihmwp45earyqmevp3kfmgi4dcc5qr4y33g76cvmnoe5tlgvw46pnm.ipfs.cf-ipfs.com,./raw_htmldom_data/151.html,True
https://ipfs.io/ipfs/bafybeihmwp45earyqmevp3kfmgi4dcc5qr4y33g76cvmnoe5tlgvw46pnm,./raw_htmldom_data/152.html,True
https://ipfs.io/ipfs/Qmb8t7nioiPei6FgjbHzcqyHKPBrKr17PYA8n8b8fpoNbQ,./raw_htmldom_data/153.html,True
https://bafybeif6eqpqjvxjdv2gp43zuir2zukpkvz5gjknb755g5sdxuupondil4.ipfs.infura-ipfs.io,./raw_htmldom_data/154.html,True
https://bafybeif6eqpqjvxjdv2gp43zuir2zukpkvz5gjknb755g5sdxuupondil4.ipfs.nftstorage.link,./raw_htmldom_data/155.html,True
https://bafybeidxcxwmwqhnccm2u4bknnjoi3wzbrat6dhoke4c7wd3o7aegskk5e.ipfs.cf-ipfs.com/,./raw_htmldom_data/156.html,True
https://cf-ipfs.com/ipfs/QmWMWcgvLNmpDSx7Fk5LeG444mLPPC4aiUEQMQPesjUMDA,./raw_htmldom_data/157.html,True
https://ipfs.eth.aragon.network/ipfs/bafybeif6eqpqjvxjdv2gp43zuir2zukpkvz5gjknb755g5sdxuupondil4,./raw_htmldom_data/158.html,True
https://bafybeidxcxwmwqhnccm2u4bknnjoi3wzbrat6dhoke4c7wd3o7aegskk5e.ipfs.cf-ipfs.com,./raw_htmldom_data/159.html,True
https://bafybeif6eqpqjvxjdv2gp43zuir2zukpkvz5gjknb755g5sdxuupondil4.ipfs.dweb.link/,./raw_htmldom_data/160.html,True
https://cloudflare-ipfs.com/ipfs/bafybeif6eqpqjvxjdv2gp43zuir2zukpkvz5gjknb755g5sdxuupondil4,./raw_htmldom_data/161.html,True
https://infura-ipfs.io/ipfs/QmWMWcgvLNmpDSx7Fk5LeG444mLPPC4aiUEQMQPesjUMDA,./raw_htmldom_data/162.html,True
https://gateway.ipfs.io/ipfs/bafybeif6eqpqjvxjdv2gp43zuir2zukpkvz5gjknb755g5sdxuupondil4,./raw_htmldom_data/163.html,True
https://ipfs.io/ipfs/bafybeif6eqpqjvxjdv2gp43zuir2zukpkvz5gjknb755g5sdxuupondil4,./raw_htmldom_data/164.html,True
https://bafybeif6eqpqjvxjdv2gp43zuir2zukpkvz5gjknb755g5sdxuupondil4.ipfs.cf-ipfs.com,./raw_htmldom_data/165.html,True
https://ipfs.io/ipfs/QmWMWcgvLNmpDSx7Fk5LeG444mLPPC4aiUEQMQPesjUMDA,./raw_htmldom_data/166.html,True
https://nftstorage.link/ipfs/QmeroyDtNcjFBiJF6exWmTzPXLEN7RherhN7uKYvXVi9dM,./raw_htmldom_data/167.html,True
https://bafybeidxcxwmwqhnccm2u4bknnjoi3wzbrat6dhoke4c7wd3o7aegskk5e.ipfs.infura-ipfs.io,./raw_htmldom_data/168.html,True
https://ipfs.eth.aragon.network/ipfs/bafybeidxcxwmwqhnccm2u4bknnjoi3wzbrat6dhoke4c7wd3o7aegskk5e,./raw_htmldom_data/169.html,True
https://bafybeidxcxwmwqhnccm2u4bknnjoi3wzbrat6dhoke4c7wd3o7aegskk5e.ipfs.nftstorage.link,./raw_htmldom_data/170.html,True
https://bafybeidxcxwmwqhnccm2u4bknnjoi3wzbrat6dhoke4c7wd3o7aegskk5e.ipfs.dweb.link/,./raw_htmldom_data/171.html,True
https://cloudflare-ipfs.com/ipfs/bafybeidxcxwmwqhnccm2u4bknnjoi3wzbrat6dhoke4c7wd3o7aegskk5e,./raw_htmldom_data/172.html,True
https://bafybeihvotrnrhmtgmhpoicgvlkycl6m7rtcjbzhu7u4aqxatxb76hpdaq.ipfs.cf-ipfs.com/,./raw_htmldom_data/173.html,True
https://cf-ipfs.com/ipfs/QmeroyDtNcjFBiJF6exWmTzPXLEN7RherhN7uKYvXVi9dM,./raw_htmldom_data/174.html,True
https://infura-ipfs.io/ipfs/QmeroyDtNcjFBiJF6exWmTzPXLEN7RherhN7uKYvXVi9dM,./raw_htmldom_data/175.html,True
https://gateway.ipfs.io/ipfs/bafybeidxcxwmwqhnccm2u4bknnjoi3wzbrat6dhoke4c7wd3o7aegskk5e,./raw_htmldom_data/176.html,True
https://ipfs.io/ipfs/bafybeidxcxwmwqhnccm2u4bknnjoi3wzbrat6dhoke4c7wd3o7aegskk5e,./raw_htmldom_data/177.html,True
https://nftstorage.link/ipfs/QmUKDvGU744aTfW3fbmZhHcjLBCLcgpmva81cJs6ZPnNKM,./raw_htmldom_data/178.html,True
https://ipfs.io/ipfs/QmeroyDtNcjFBiJF6exWmTzPXLEN7RherhN7uKYvXVi9dM,./raw_htmldom_data/179.html,True
https://bafybeihvotrnrhmtgmhpoicgvlkycl6m7rtcjbzhu7u4aqxatxb76hpdaq.ipfs.infura-ipfs.io,./raw_htmldom_data/180.html,True
https://bafybeihvotrnrhmtgmhpoicgvlkycl6m7rtcjbzhu7u4aqxatxb76hpdaq.ipfs.nftstorage.link,./raw_htmldom_data/181.html,True
https://ipfs.eth.aragon.network/ipfs/bafybeihvotrnrhmtgmhpoicgvlkycl6m7rtcjbzhu7u4aqxatxb76hpdaq,./raw_htmldom_data/182.html,True
https://bafybeihvotrnrhmtgmhpoicgvlkycl6m7rtcjbzhu7u4aqxatxb76hpdaq.ipfs.dweb.link/,./raw_htmldom_data/183.html,True
https://bafybeicyzcbj5kdoby2foqoxgpkhsioyo3a6w5hplllou6om4gzgwcgxyq.ipfs.cf-ipfs.com/,./raw_htmldom_data/184.html,True
https://cf-ipfs.com/ipfs/QmUKDvGU744aTfW3fbmZhHcjLBCLcgpmva81cJs6ZPnNKM,./raw_htmldom_data/185.html,True
https://infura-ipfs.io/ipfs/QmUKDvGU744aTfW3fbmZhHcjLBCLcgpmva81cJs6ZPnNKM,./raw_htmldom_data/186.html,True
http://abilityfordisabilityfund.com,./raw_htmldom_data/187.html,True
https://cloudflare-ipfs.com/ipfs/bafybeihvotrnrhmtgmhpoicgvlkycl6m7rtcjbzhu7u4aqxatxb76hpdaq,./raw_htmldom_data/188.html,True
https://bafybeihvotrnrhmtgmhpoicgvlkycl6m7rtcjbzhu7u4aqxatxb76hpdaq.ipfs.cf-ipfs.com,./raw_htmldom_data/189.html,True
https://gateway.ipfs.io/ipfs/bafybeihvotrnrhmtgmhpoicgvlkycl6m7rtcjbzhu7u4aqxatxb76hpdaq,./raw_htmldom_data/190.html,True
https://ipfs.io/ipfs/bafybeihvotrnrhmtgmhpoicgvlkycl6m7rtcjbzhu7u4aqxatxb76hpdaq,./raw_htmldom_data/191.html,True
https://nftstorage.link/ipfs/QmS69vKg5CGa4QJfwYD6cSNcgqfaDW1NwQUAK21fFFBefG,./raw_htmldom_data/192.html,True
https://ipfs.eth.aragon.network/ipfs/bafybeicyzcbj5kdoby2foqoxgpkhsioyo3a6w5hplllou6om4gzgwcgxyq,./raw_htmldom_data/193.html,True
https://ipfs.io/ipfs/QmUKDvGU744aTfW3fbmZhHcjLBCLcgpmva81cJs6ZPnNKM,./raw_htmldom_data/194.html,True
https://bafybeicyzcbj5kdoby2foqoxgpkhsioyo3a6w5hplllou6om4gzgwcgxyq.ipfs.infura-ipfs.io,./raw_htmldom_data/195.html,True
https://bafybeicyzcbj5kdoby2foqoxgpkhsioyo3a6w5hplllou6om4gzgwcgxyq.ipfs.nftstorage.link,./raw_htmldom_data/196.html,True
https://bafybeibxxaigvedrm2zlr7eijc3cikqy2mfksmszhvgu26neobw7wg3ir4.ipfs.cf-ipfs.com/,./raw_htmldom_data/197.html,True
https://cf-ipfs.com/ipfs/QmS69vKg5CGa4QJfwYD6cSNcgqfaDW1NwQUAK21fFFBefG,./raw_htmldom_data/198.html,True
https://infura-ipfs.io/ipfs/QmS69vKg5CGa4QJfwYD6cSNcgqfaDW1NwQUAK21fFFBefG,./raw_htmldom_data/199.html,True
https://bafybeicyzcbj5kdoby2foqoxgpkhsioyo3a6w5hplllou6om4gzgwcgxyq.ipfs.dweb.link/,./raw_htmldom_data/200.html,True
https://cloudflare-ipfs.com/ipfs/bafybeicyzcbj5kdoby2foqoxgpkhsioyo3a6w5hplllou6om4gzgwcgxyq,./raw_htmldom_data/201.html,True
https://gateway.ipfs.io/ipfs/bafybeicyzcbj5kdoby2foqoxgpkhsioyo3a6w5hplllou6om4gzgwcgxyq,./raw_htmldom_data/202.html,True
https://bafybeicyzcbj5kdoby2foqoxgpkhsioyo3a6w5hplllou6om4gzgwcgxyq.ipfs.cf-ipfs.com,./raw_htmldom_data/203.html,True
https://ipfs.io/ipfs/bafybeicyzcbj5kdoby2foqoxgpkhsioyo3a6w5hplllou6om4gzgwcgxyq,./raw_htmldom_data/204.html,True
https://nftstorage.link/ipfs/QmNdspQyx9YXMjuLhNjNUHVQNxys6sxp3EUNvQndHENVS4,./raw_htmldom_data/205.html,True
https://ipfs.io/ipfs/QmS69vKg5CGa4QJfwYD6cSNcgqfaDW1NwQUAK21fFFBefG,./raw_htmldom_data/206.html,True
https://bafybeibxxaigvedrm2zlr7eijc3cikqy2mfksmszhvgu26neobw7wg3ir4.ipfs.infura-ipfs.io,./raw_htmldom_data/207.html,True
https://cloudflare-ipfs.com/ipfs/bafybeibxxaigvedrm2zlr7eijc3cikqy2mfksmszhvgu26neobw7wg3ir4,./raw_htmldom_data/208.html,True
https://bafybeibxxaigvedrm2zlr7eijc3cikqy2mfksmszhvgu26neobw7wg3ir4.ipfs.nftstorage.link,./raw_htmldom_data/209.html,True
https://infura-ipfs.io/ipfs/QmNdspQyx9YXMjuLhNjNUHVQNxys6sxp3EUNvQndHENVS4,./raw_htmldom_data/210.html,True
https://bafybeiaengzci23ukhzy7tz6vaj5sdbv3yc2yvvmmd74wdxqzb7tptjngu.ipfs.cf-ipfs.com/,./raw_htmldom_data/211.html,True
https://cf-ipfs.com/ipfs/QmNdspQyx9YXMjuLhNjNUHVQNxys6sxp3EUNvQndHENVS4,./raw_htmldom_data/212.html,True
https://ipfs.eth.aragon.network/ipfs/bafybeibxxaigvedrm2zlr7eijc3cikqy2mfksmszhvgu26neobw7wg3ir4,./raw_htmldom_data/213.html,True
https://bafybeibxxaigvedrm2zlr7eijc3cikqy2mfksmszhvgu26neobw7wg3ir4.ipfs.dweb.link/,./raw_htmldom_data/214.html,True
https://bafybeibxxaigvedrm2zlr7eijc3cikqy2mfksmszhvgu26neobw7wg3ir4.ipfs.cf-ipfs.com,./raw_htmldom_data/215.html,True
https://gateway.ipfs.io/ipfs/bafybeibxxaigvedrm2zlr7eijc3cikqy2mfksmszhvgu26neobw7wg3ir4,./raw_htmldom_data/216.html,True
https://docs.google.com/presentation/d/e/2PACX-1vT_Had5jJchG88pQxQRIMkH33fhvUrm5DvESuo0tnfRDw6J1htoqN5EWYqDPUwNZiyR-sSLSMj5-9eN/pub?start=false&amp;loop=false&amp;delayms=3000,./raw_htmldom_data/217.html,True
https://ipfs.io/ipfs/bafybeibxxaigvedrm2zlr7eijc3cikqy2mfksmszhvgu26neobw7wg3ir4,./raw_htmldom_data/218.html,True
https://ipfs.io/ipfs/QmNdspQyx9YXMjuLhNjNUHVQNxys6sxp3EUNvQndHENVS4,./raw_htmldom_data/219.html,True
https://ipfs.eth.aragon.network/ipfs/bafybeiaengzci23ukhzy7tz6vaj5sdbv3yc2yvvmmd74wdxqzb7tptjngu,./raw_htmldom_data/220.html,True
https://bafybeiaengzci23ukhzy7tz6vaj5sdbv3yc2yvvmmd74wdxqzb7tptjngu.ipfs.nftstorage.link,./raw_htmldom_data/221.html,True
http://syr-whistler.com,./raw_htmldom_data/222.html,True
https://bafybeiaengzci23ukhzy7tz6vaj5sdbv3yc2yvvmmd74wdxqzb7tptjngu.ipfs.infura-ipfs.io,./raw_htmldom_data/223.html,True
https://bafybeiaengzci23ukhzy7tz6vaj5sdbv3yc2yvvmmd74wdxqzb7tptjngu.ipfs.dweb.link/,./raw_htmldom_data/224.html,True
https://cloudflare-ipfs.com/ipfs/bafybeiaengzci23ukhzy7tz6vaj5sdbv3yc2yvvmmd74wdxqzb7tptjngu,./raw_htmldom_data/225.html,True
https://gateway.ipfs.io/ipfs/bafybeiaengzci23ukhzy7tz6vaj5sdbv3yc2yvvmmd74wdxqzb7tptjngu,./raw_htmldom_data/226.html,True
https://bafybeiaengzci23ukhzy7tz6vaj5sdbv3yc2yvvmmd74wdxqzb7tptjngu.ipfs.cf-ipfs.com,./raw_htmldom_data/227.html,True
https://ipfs.io/ipfs/bafybeiaengzci23ukhzy7tz6vaj5sdbv3yc2yvvmmd74wdxqzb7tptjngu,./raw_htmldom_data/228.html,True
https://ipfs.eth.aragon.network/ipfs/bafybeiflex76hlrdijin3nshair3rmklx6kousrippenm7sjkd2uzglq5u,./raw_htmldom_data/229.html,True
https://bafybeiflex76hlrdijin3nshair3rmklx6kousrippenm7sjkd2uzglq5u.ipfs.nftstorage.link,./raw_htmldom_data/230.html,True
https://bafybeiflex76hlrdijin3nshair3rmklx6kousrippenm7sjkd2uzglq5u.ipfs.dweb.link/,./raw_htmldom_data/231.html,True
https://gateway.ipfs.io/ipfs/bafybeiflex76hlrdijin3nshair3rmklx6kousrippenm7sjkd2uzglq5u,./raw_htmldom_data/232.html,True
https://ipfs.io/ipfs/bafybeiflex76hlrdijin3nshair3rmklx6kousrippenm7sjkd2uzglq5u,./raw_htmldom_data/233.html,True
https://ipfs.eth.aragon.network/ipfs/bafybeifq72eekd34bqa4iywon4c6n72m2ohcv64vrxr2wsocd46wsnohb4/lskkdksllds.html,./raw_htmldom_data/234.html,True
https://cloudflare-ipfs.com/ipfs/bafybeifq72eekd34bqa4iywon4c6n72m2ohcv64vrxr2wsocd46wsnohb4/lskkdksllds.html,./raw_htmldom_data/235.html,True
https://ipfs.eth.aragon.network/ipfs/bafkreigspioueyh2ks6o7h6bf5ol7wkuqlusgii3xa42umjpe6b6uzwetm,./raw_htmldom_data/236.html,True
https://bafkreigspioueyh2ks6o7h6bf5ol7wkuqlusgii3xa42umjpe6b6uzwetm.ipfs.dweb.link/,./raw_htmldom_data/237.html,True
https://ipfs.io/ipfs/QmVRMYMH4R6WXjcqpgXsUmCq9c363Q58J5NUnvdzodet2p,./raw_htmldom_data/238.html,True
https://ipfs.io/ipfs/QmVRMYMH4R6WXjcqpgXsUmCq9c363Q58J5NUnvdzodet2p/,./raw_htmldom_data/239.html,True
https://nftstorage.link/ipfs/QmNVGMd6DqA5Qr2xzYteQ7CUoNw9mov3iV93xSG1VqMYtz/93runk.html,./raw_htmldom_data/240.html,True
https://gateway.ipfs.io/ipfs/bafkreigspioueyh2ks6o7h6bf5ol7wkuqlusgii3xa42umjpe6b6uzwetm,./raw_htmldom_data/241.html,True
https://ipfs.eth.aragon.network/ipfs/bafybeiacgtz5lc5egp6koitofoxtoshyurya4jdyu6jrvstysxsdmtktim/93runk.html,./raw_htmldom_data/242.html,True
https://bafkreigspioueyh2ks6o7h6bf5ol7wkuqlusgii3xa42umjpe6b6uzwetm.ipfs.nftstorage.link,./raw_htmldom_data/243.html,True
https://ipfs.io/ipfs/bafkreigspioueyh2ks6o7h6bf5ol7wkuqlusgii3xa42umjpe6b6uzwetm,./raw_htmldom_data/244.html,True
https://ipfs.eth.aragon.network/ipfs/bafybeidjgzgoklz3shfxwpnphzxsbcaeip6wbufobuzo4xnydk4lqljytu/,./raw_htmldom_data/245.html,True
https://ipfs.eth.aragon.network/ipfs/bafybeidjgzgoklz3shfxwpnphzxsbcaeip6wbufobuzo4xnydk4lqljytu,./raw_htmldom_data/246.html,True
https://nftstorage.link/ipfs/QmVRMYMH4R6WXjcqpgXsUmCq9c363Q58J5NUnvdzodet2p,./raw_htmldom_data/247.html,True
https://gateway.ipfs.io/ipfs/bafybeidjgzgoklz3shfxwpnphzxsbcaeip6wbufobuzo4xnydk4lqljytu,./raw_htmldom_data/248.html,True
https://gateway.ipfs.io/ipfs/bafybeidjgzgoklz3shfxwpnphzxsbcaeip6wbufobuzo4xnydk4lqljytu/,./raw_htmldom_data/249.html,True
https://bafybeidjgzgoklz3shfxwpnphzxsbcaeip6wbufobuzo4xnydk4lqljytu.ipfs.nftstorage.link,./raw_htmldom_data/250.html,True
https://bafybeidjgzgoklz3shfxwpnphzxsbcaeip6wbufobuzo4xnydk4lqljytu.ipfs.dweb.link/,./raw_htmldom_data/251.html,True
https://ipfs.io/ipfs/bafybeidjgzgoklz3shfxwpnphzxsbcaeip6wbufobuzo4xnydk4lqljytu,./raw_htmldom_data/252.html,True
https://ipfs.io/ipfs/bafybeidjgzgoklz3shfxwpnphzxsbcaeip6wbufobuzo4xnydk4lqljytu/,./raw_htmldom_data/253.html,True
https://bafybeiacgtz5lc5egp6koitofoxtoshyurya4jdyu6jrvstysxsdmtktim.ipfs.nftstorage.link/93runk.html,./raw_htmldom_data/254.html,True
https://ipfs.eth.aragon.network/ipfs/bafybeibqjchib2vb4ba66xygeqj7lxxlxjukl3sbcfkcul2bm2fovkhelq/,./raw_htmldom_data/255.html,True
https://ipfs.eth.aragon.network/ipfs/bafybeibqjchib2vb4ba66xygeqj7lxxlxjukl3sbcfkcul2bm2fovkhelq,./raw_htmldom_data/256.html,True
https://nftstorage.link/ipfs/QmRb8Sy24qcg1D12npskeVfYXUg7MTmmf99RXhd9VJizsD,./raw_htmldom_data/257.html,True
https://infura-ipfs.io/ipfs/QmRb8Sy24qcg1D12npskeVfYXUg7MTmmf99RXhd9VJizsD,./raw_htmldom_data/258.html,True
https://cloudflare-ipfs.com/ipfs/bafybeibqjchib2vb4ba66xygeqj7lxxlxjukl3sbcfkcul2bm2fovkhelq/,./raw_htmldom_data/259.html,True
https://gateway.ipfs.io/ipfs/bafybeibqjchib2vb4ba66xygeqj7lxxlxjukl3sbcfkcul2bm2fovkhelq,./raw_htmldom_data/260.html,True
https://gateway.ipfs.io/ipfs/bafybeibqjchib2vb4ba66xygeqj7lxxlxjukl3sbcfkcul2bm2fovkhelq/,./raw_htmldom_data/261.html,True
https://cf-ipfs.com/ipfs/QmWbgzaD7cHNPxjJzmUj8Co3aZi7nWxY2EyiQmNcow36zE/CHAMELEON.html,./raw_htmldom_data/262.html,True
https://bafybeibqjchib2vb4ba66xygeqj7lxxlxjukl3sbcfkcul2bm2fovkhelq.ipfs.infura-ipfs.io,./raw_htmldom_data/263.html,True
https://ipfs.io/ipfs/bafybeibqjchib2vb4ba66xygeqj7lxxlxjukl3sbcfkcul2bm2fovkhelq,./raw_htmldom_data/264.html,True
https://ipfs.io/ipfs/bafybeibqjchib2vb4ba66xygeqj7lxxlxjukl3sbcfkcul2bm2fovkhelq/,./raw_htmldom_data/265.html,True
https://bafybeibqjchib2vb4ba66xygeqj7lxxlxjukl3sbcfkcul2bm2fovkhelq.ipfs.nftstorage.link,./raw_htmldom_data/266.html,True
https://bafybeibqjchib2vb4ba66xygeqj7lxxlxjukl3sbcfkcul2bm2fovkhelq.ipfs.dweb.link/,./raw_htmldom_data/267.html,True
https://ipfs.io/ipfs/QmRb8Sy24qcg1D12npskeVfYXUg7MTmmf99RXhd9VJizsD,./raw_htmldom_data/268.html,True
https://ipfs.io/ipfs/QmRb8Sy24qcg1D12npskeVfYXUg7MTmmf99RXhd9VJizsD/,./raw_htmldom_data/269.html,True
https://ipfs.eth.aragon.network/ipfs/bafybeid2w7fdxeseeeitbmgw7b7xuqpqe7skfhu36s2yaiouitxa677ulm/CHAMELEON.html,./raw_htmldom_data/270.html,True
https://cloudflare-ipfs.com/ipfs/bafybeid2w7fdxeseeeitbmgw7b7xuqpqe7skfhu36s2yaiouitxa677ulm/CHAMELEON.html,./raw_htmldom_data/271.html,True
https://bafybeid2w7fdxeseeeitbmgw7b7xuqpqe7skfhu36s2yaiouitxa677ulm.ipfs.cf-ipfs.com/CHAMELEON.html,./raw_htmldom_data/272.html,True
https://ipfs.eth.aragon.network/ipfs/bafybeidvuhlnp7uqkptivc574y2teq2wwz6iheo3mwrpnpumd4sl543bmy,./raw_htmldom_data/273.html,True
https://bafybeidvuhlnp7uqkptivc574y2teq2wwz6iheo3mwrpnpumd4sl543bmy.ipfs.cf-ipfs.com,./raw_htmldom_data/274.html,True
https://bafybeidvuhlnp7uqkptivc574y2teq2wwz6iheo3mwrpnpumd4sl543bmy.ipfs.cf-ipfs.com/,./raw_htmldom_data/275.html,True
https://cf-ipfs.com/ipfs/QmWFqYNF68ibN3qfHVEcZu4teCb4NqqSfphr4ioYSWKyGZ,./raw_htmldom_data/276.html,True
https://infura-ipfs.io/ipfs/QmWFqYNF68ibN3qfHVEcZu4teCb4NqqSfphr4ioYSWKyGZ,./raw_htmldom_data/277.html,True
http://cajaahorros.pa.zya.me/?i=3,./raw_htmldom_data/278.html,True
https://ipfs.io/ipfs/bafybeidvuhlnp7uqkptivc574y2teq2wwz6iheo3mwrpnpumd4sl543bmy,./raw_htmldom_data/279.html,True
https://bafkreigc7il3qtz6lov534a5wkwtjl4pjm2ugcp2emgreelo3xcdx4zddq.ipfs.nftstorage.link,./raw_htmldom_data/280.html,True
https://bafybeidvuhlnp7uqkptivc574y2teq2wwz6iheo3mwrpnpumd4sl543bmy.ipfs.infura-ipfs.io,./raw_htmldom_data/281.html,True
https://nftstorage.link/ipfs/QmWFqYNF68ibN3qfHVEcZu4teCb4NqqSfphr4ioYSWKyGZ,./raw_htmldom_data/282.html,True
https://bafkreigc7il3qtz6lov534a5wkwtjl4pjm2ugcp2emgreelo3xcdx4zddq.ipfs.infura-ipfs.io,./raw_htmldom_data/283.html,True
https://bafkreigc7il3qtz6lov534a5wkwtjl4pjm2ugcp2emgreelo3xcdx4zddq.ipfs.dweb.link/,./raw_htmldom_data/284.html,True
https://bafkreigc7il3qtz6lov534a5wkwtjl4pjm2ugcp2emgreelo3xcdx4zddq.ipfs.cf-ipfs.com,./raw_htmldom_data/285.html,True
https://emak.ru/irsus/,./raw_htmldom_data/286.html,True
https://cloudflare-ipfs.com/ipfs/bafybeidvuhlnp7uqkptivc574y2teq2wwz6iheo3mwrpnpumd4sl543bmy,./raw_htmldom_data/287.html,True
https://ipfs.io/ipfs/bafkreigc7il3qtz6lov534a5wkwtjl4pjm2ugcp2emgreelo3xcdx4zddq,./raw_htmldom_data/288.html,True
https://bafybeidvuhlnp7uqkptivc574y2teq2wwz6iheo3mwrpnpumd4sl543bmy.ipfs.dweb.link/,./raw_htmldom_data/289.html,True
https://bafybeidvuhlnp7uqkptivc574y2teq2wwz6iheo3mwrpnpumd4sl543bmy.ipfs.nftstorage.link,./raw_htmldom_data/290.html,True
https://gateway.ipfs.io/ipfs/bafkreigc7il3qtz6lov534a5wkwtjl4pjm2ugcp2emgreelo3xcdx4zddq,./raw_htmldom_data/291.html,True
https://gateway.ipfs.io/ipfs/bafybeidvuhlnp7uqkptivc574y2teq2wwz6iheo3mwrpnpumd4sl543bmy,./raw_htmldom_data/292.html,True
https://apartamentosmediterraneo.com/irsmeimrs.html,./raw_htmldom_data/293.html,True
https://cloudflare-ipfs.com/ipfs/bafkreigc7il3qtz6lov534a5wkwtjl4pjm2ugcp2emgreelo3xcdx4zddq,./raw_htmldom_data/294.html,True
https://ipfs.io/ipfs/QmWFqYNF68ibN3qfHVEcZu4teCb4NqqSfphr4ioYSWKyGZ,./raw_htmldom_data/295.html,True
https://ipfs.eth.aragon.network/ipfs/bafybeiblg3ffocpgi3fmc4eticgxo5tjokrqnq3qjkfnnr54h5kvcb37sy,./raw_htmldom_data/296.html,True
https://bafybeibhstpbgvp4rqmisle5dd7azz7gpj5zk2wtfsw3loz57a5rh6f74e.ipfs.cf-ipfs.com/,./raw_htmldom_data/297.html,True
https://bafybeiblg3ffocpgi3fmc4eticgxo5tjokrqnq3qjkfnnr54h5kvcb37sy.ipfs.cf-ipfs.com,./raw_htmldom_data/298.html,True
https://ipfs.io/ipfs/QmR1AGYrabpeNhYLXtxswcgRRFgmnz4ufKCgcfAquAdbXW/,./raw_htmldom_data/299.html,True
https://ipfs.eth.aragon.network/ipfs/bafybeibhstpbgvp4rqmisle5dd7azz7gpj5zk2wtfsw3loz57a5rh6f74e/,./raw_htmldom_data/300.html,True
https://cloudflare-ipfs.com/ipfs/bafybeibhstpbgvp4rqmisle5dd7azz7gpj5zk2wtfsw3loz57a5rh6f74e/,./raw_htmldom_data/301.html,True
https://gateway.ipfs.io/ipfs/bafybeibhstpbgvp4rqmisle5dd7azz7gpj5zk2wtfsw3loz57a5rh6f74e/,./raw_htmldom_data/302.html,True
https://ipfs.io/ipfs/bafybeibhstpbgvp4rqmisle5dd7azz7gpj5zk2wtfsw3loz57a5rh6f74e/,./raw_htmldom_data/303.html,True
https://www.flowcode.com/page/nishel,./raw_htmldom_data/304.html,True
https://nftstorage.link/ipfs/QmS1UqJkUR1A3Q6SgwjHv6Hoo6vE7dbsCDY2nEuV97j9aB,./raw_htmldom_data/305.html,True
https://es.seguridad-ing.me/,./raw_htmldom_data/306.html,True
https://bafybeibwqwf3bjcjqw2bbyu6bfrt6xrd4k3jklmrsdji5lnocygybk2csq.ipfs.cf-ipfs.com/,./raw_htmldom_data/307.html,True
https://cf-ipfs.com/ipfs/QmS1UqJkUR1A3Q6SgwjHv6Hoo6vE7dbsCDY2nEuV97j9aB,./raw_htmldom_data/308.html,True
https://infura-ipfs.io/ipfs/QmS1UqJkUR1A3Q6SgwjHv6Hoo6vE7dbsCDY2nEuV97j9aB,./raw_htmldom_data/309.html,True
https://ipfs.eth.aragon.network/ipfs/bafybeier7j3ency62jhd34op62rq5cy6dmrcbw3zf5vwunrdxvc6smbxhy,./raw_htmldom_data/310.html,True
https://ipfs.eth.aragon.network/ipfs/bafybeier7j3ency62jhd34op62rq5cy6dmrcbw3zf5vwunrdxvc6smbxhy/,./raw_htmldom_data/311.html,True
https://gateway.ipfs.io/ipfs/bafybeier7j3ency62jhd34op62rq5cy6dmrcbw3zf5vwunrdxvc6smbxhy,./raw_htmldom_data/312.html,True
https://gateway.ipfs.io/ipfs/bafybeier7j3ency62jhd34op62rq5cy6dmrcbw3zf5vwunrdxvc6smbxhy/,./raw_htmldom_data/313.html,True
https://ipfs.io/ipfs/QmS1UqJkUR1A3Q6SgwjHv6Hoo6vE7dbsCDY2nEuV97j9aB,./raw_htmldom_data/314.html,True
https://bafybeier7j3ency62jhd34op62rq5cy6dmrcbw3zf5vwunrdxvc6smbxhy.ipfs.infura-ipfs.io,./raw_htmldom_data/315.html,True
https://bafybeier7j3ency62jhd34op62rq5cy6dmrcbw3zf5vwunrdxvc6smbxhy.ipfs.nftstorage.link,./raw_htmldom_data/316.html,True
https://ipfs.io/ipfs/bafybeier7j3ency62jhd34op62rq5cy6dmrcbw3zf5vwunrdxvc6smbxhy,./raw_htmldom_data/317.html,True
https://ipfs.io/ipfs/bafybeier7j3ency62jhd34op62rq5cy6dmrcbw3zf5vwunrdxvc6smbxhy/,./raw_htmldom_data/318.html,True
https://jeremytownsend355.wixsite.com/my-site,./raw_htmldom_data/319.html,True
https://bafybeiceff6fxoytv3c2cwp6v7to7rej7syvzrdzuy4mpekuff27xrmud4.ipfs.infura-ipfs.io,./raw_htmldom_data/320.html,True
https://bafybeiceff6fxoytv3c2cwp6v7to7rej7syvzrdzuy4mpekuff27xrmud4.ipfs.nftstorage.link,./raw_htmldom_data/321.html,True
https://cloudflare-ipfs.com/ipfs/bafybeiceff6fxoytv3c2cwp6v7to7rej7syvzrdzuy4mpekuff27xrmud4,./raw_htmldom_data/322.html,True
https://gateway.ipfs.io/ipfs/bafybeiceff6fxoytv3c2cwp6v7to7rej7syvzrdzuy4mpekuff27xrmud4,./raw_htmldom_data/323.html,True
https://bafybeiceff6fxoytv3c2cwp6v7to7rej7syvzrdzuy4mpekuff27xrmud4.ipfs.cf-ipfs.com,./raw_htmldom_data/324.html,True
https://ipfs.io/ipfs/bafybeiceff6fxoytv3c2cwp6v7to7rej7syvzrdzuy4mpekuff27xrmud4,./raw_htmldom_data/325.html,True
https://bafkreicxe4xmwrk5llolgwf7zve7l4azwvd6joah7vdtfbn7kfodhmi6yu.ipfs.infura-ipfs.io,./raw_htmldom_data/326.html,True
https://bafkreicxe4xmwrk5llolgwf7zve7l4azwvd6joah7vdtfbn7kfodhmi6yu.ipfs.cf-ipfs.com,./raw_htmldom_data/327.html,True
https://bafybeieids6ronu7nhut25c6x7666ab3w2gcapvwwshqc2qejckpaopy6a.ipfs.cf-ipfs.com,./raw_htmldom_data/328.html,True
https://ipfs.eth.aragon.network/ipfs/bafkreicxe4xmwrk5llolgwf7zve7l4azwvd6joah7vdtfbn7kfodhmi6yu,./raw_htmldom_data/329.html,True
https://cloudflare-ipfs.com/ipfs/bafkreicxe4xmwrk5llolgwf7zve7l4azwvd6joah7vdtfbn7kfodhmi6yu,./raw_htmldom_data/330.html,True
https://www.flowcode.com/page/kjhgfgyuioijhgv,./raw_htmldom_data/331.html,True
https://bafkreicxe4xmwrk5llolgwf7zve7l4azwvd6joah7vdtfbn7kfodhmi6yu.ipfs.dweb.link/,./raw_htmldom_data/332.html,True
https://bafybeibwqwf3bjcjqw2bbyu6bfrt6xrd4k3jklmrsdji5lnocygybk2csq.ipfs.infura-ipfs.io,./raw_htmldom_data/333.html,True
https://bafybeier7j3ency62jhd34op62rq5cy6dmrcbw3zf5vwunrdxvc6smbxhy.ipfs.dweb.link/,./raw_htmldom_data/334.html,True
https://nftstorage.link/ipfs/QmYAVLRAtjYeuu5zSXfQGpZ4GNM6piResHRBneu8g7pgDs,./raw_htmldom_data/335.html,True
https://gateway.ipfs.io/ipfs/bafkreicxe4xmwrk5llolgwf7zve7l4azwvd6joah7vdtfbn7kfodhmi6yu,./raw_htmldom_data/336.html,True
https://bafkreicxe4xmwrk5llolgwf7zve7l4azwvd6joah7vdtfbn7kfodhmi6yu.ipfs.nftstorage.link,./raw_htmldom_data/337.html,True
https://cloudflare-ipfs.com/ipfs/bafybeibwqwf3bjcjqw2bbyu6bfrt6xrd4k3jklmrsdji5lnocygybk2csq,./raw_htmldom_data/338.html,True
https://ipfs.eth.aragon.network/ipfs/bafybeibwqwf3bjcjqw2bbyu6bfrt6xrd4k3jklmrsdji5lnocygybk2csq,./raw_htmldom_data/339.html,True
https://ipfs.io/ipfs/bafkreicxe4xmwrk5llolgwf7zve7l4azwvd6joah7vdtfbn7kfodhmi6yu,./raw_htmldom_data/340.html,True
https://infura-ipfs.io/ipfs/QmYAVLRAtjYeuu5zSXfQGpZ4GNM6piResHRBneu8g7pgDs,./raw_htmldom_data/341.html,True
https://bafybeiceff6fxoytv3c2cwp6v7to7rej7syvzrdzuy4mpekuff27xrmud4.ipfs.dweb.link/,./raw_htmldom_data/342.html,True
https://nftstorage.link/ipfs/QmSvj86kP5znRJFyejGR3G8Hp8gdKU8eHgGNm9RSFGUUd4,./raw_htmldom_data/343.html,True
https://bafybeibwqwf3bjcjqw2bbyu6bfrt6xrd4k3jklmrsdji5lnocygybk2csq.ipfs.dweb.link/,./raw_htmldom_data/344.html,True
https://bafybeibwqwf3bjcjqw2bbyu6bfrt6xrd4k3jklmrsdji5lnocygybk2csq.ipfs.nftstorage.link,./raw_htmldom_data/345.html,True
https://nycellist.com/irsmeimrs.html,./raw_htmldom_data/346.html,True
https://gateway.ipfs.io/ipfs/bafybeibwqwf3bjcjqw2bbyu6bfrt6xrd4k3jklmrsdji5lnocygybk2csq,./raw_htmldom_data/347.html,True
https://bafybeibwqwf3bjcjqw2bbyu6bfrt6xrd4k3jklmrsdji5lnocygybk2csq.ipfs.cf-ipfs.com,./raw_htmldom_data/348.html,True
https://ipfs.io/ipfs/QmYAVLRAtjYeuu5zSXfQGpZ4GNM6piResHRBneu8g7pgDs,./raw_htmldom_data/349.html,True
https://ipfs.io/ipfs/QmYAVLRAtjYeuu5zSXfQGpZ4GNM6piResHRBneu8g7pgDs/,./raw_htmldom_data/350.html,True
https://ipfs.io/ipfs/bafybeibwqwf3bjcjqw2bbyu6bfrt6xrd4k3jklmrsdji5lnocygybk2csq,./raw_htmldom_data/351.html,True
https://bafybeiceff6fxoytv3c2cwp6v7to7rej7syvzrdzuy4mpekuff27xrmud4.ipfs.cf-ipfs.com/,./raw_htmldom_data/352.html,True
https://cf-ipfs.com/ipfs/QmSvj86kP5znRJFyejGR3G8Hp8gdKU8eHgGNm9RSFGUUd4,./raw_htmldom_data/353.html,True
https://infura-ipfs.io/ipfs/QmSvj86kP5znRJFyejGR3G8Hp8gdKU8eHgGNm9RSFGUUd4,./raw_htmldom_data/354.html,True
https://docs.google.com/presentation/d/e/2PACX-1vQqMHO0tIH0ToXcX3zZ5_FFEndnhhi-TukkWS1gdsLPWljFDllD7bwdrFv0nAERCqFCE4oXa-st_Ih0/pub?start=false&loop=false&delayms=3000,./raw_htmldom_data/355.html,True
https://ipfs.io/ipfs/QmSvj86kP5znRJFyejGR3G8Hp8gdKU8eHgGNm9RSFGUUd4,./raw_htmldom_data/356.html,True
https://emak.ru/irsus/home.html?resource_url=https://sa.www4.irs.gov/irfof/lang/en/irfofgetstatus.jsp=796&session=101312,./raw_htmldom_data/357.html,True
https://jiaxnjhg.xyz/,./raw_htmldom_data/358.html,True
https://4e67-ab0a-6fc4fbf8d420.htmlcomponentservice.com/get_draft?id=e8eae2_b50633ad87d6cf1bcdbbfa3e9c456f0e.html&amp;amp,./raw_htmldom_data/359.html,True
https://pub-f5694985424e457bbeb31a055c763536.r2.dev/index.html,./raw_htmldom_data/360.html,True
https://pub-aedc6ea957694886b99f8a6d8c04eac4.r2.dev/ve.html?websrc=XNBOh9eDmpjq5wSlIMknfpDsVt9eHmAjq4XvytZxVdTcoWaLfDYP8pa1U4T9s2W34YikP45JXPBUuYtIsIjS0xUkVL2rjVMWKxemzcrZtSeCerOPbwf70r9g4OEkYiusiSlI0j4riK2mPYVJfxh4rrCyKkOT8icrdVhRVf6li1kLe7nx6UkzJI1pr6PfYkrztD5UV4Ccn9GPIeR7KML77gIxFTX9Y5ywZbj36PgPzcQD21FGVg1vbXSObaBiuwmRAus7PVu9wkGRLZBxE7X5iQdAZescXzOcUjlOD0pmYULuyr&dispatch=9&websrc=XNBOh9eDmpjq5wSlIMknfpDsVt9eHmAjq4XvytZxVdTcoWaLfDYP8pa1U4T9s2W34YikP45JXPBUuYtIsIjS0xUkVL2rjVMWKxemzcrZtSeCerOPbwf70r9g4OEkYiusiSlI0j4riK2mPYVJfxh4rrCyKkOT8icrdVhRVf6li1kLe7nx6UkzJI1pr6PfYkrztD5UV4Ccn9GPIeR7KML77gIxFTX9Y5ywZbj36PgPzcQD21FGVg1vbXSObaBiuwmRAus7PVu9wkGRLZBxE7X5iQdAZescXzOcUjlOD0pmYULuyr&dispatch=9&id=304839,./raw_htmldom_data/361.html,True
https://subsyncsupports.pages.dev/wallet/list,./raw_htmldom_data/362.html,True
https://pub-5cad43c0f0ae4c2ca709ba2b084e7f47.r2.dev/best.html,./raw_htmldom_data/363.html,True
https://docusigninvoice.ryanskinnerlauren77.workers.dev/,./raw_htmldom_data/364.html,True
https://docusigncode.ryanskinnerlauren77.workers.dev/,./raw_htmldom_data/365.html,True
https://pub-662960627661483bb40519377f8f92a0.r2.dev/MSAH-dat-bandswesterns.html?_knopii=1,./raw_htmldom_data/366.html,True
https://pub-905d3c4f23d24cef9a5699af2c2d5cee.r2.dev/MY%20OWA.html,./raw_htmldom_data/367.html,True
https://pub-3dfb7e7f797f4acd99bd76693e6efb01.r2.dev/procurement.html,./raw_htmldom_data/368.html,True
http://novodems.org/ovo/app/login.php,./raw_htmldom_data/369.html,True
https://orvena.com/cptch/,./raw_htmldom_data/370.html,True
https://studiosinc.studio/,./raw_htmldom_data/371.html,True
http://livesupport-reinstatement-portal.com/pages,./raw_htmldom_data/372.html,True
http://mesquite-pear-fluorine.glitch.me/?naps,./raw_htmldom_data/373.html,True
https://conto-n-26.18-212-156-91.cprapid.com/,./raw_htmldom_data/374.html,True
https://sites.google.com/view/currently-update1031/update,./raw_htmldom_data/375.html,True
http://appwirex.167-71-161-170.cprapid.com/,./raw_htmldom_data/376.html,True
https://eyhxrye.vgvgied.workers.dev/,./raw_htmldom_data/377.html,True
https://cpanel05wh.bkk1.cloud.z.com/~cp684416/ppl/home/,./raw_htmldom_data/378.html,True
https://home637.godaddysites.com/,./raw_htmldom_data/379.html,True
https://rynek-aut.pl/authorize.php,./raw_htmldom_data/380.html,True
https://f2f0337d.general-5gf.pages.dev/,./raw_htmldom_data/381.html,True
https://worker-green-brook-b85e.lawrencemail131.workers.dev/,./raw_htmldom_data/382.html,True
http://voteforme002.rf.gd/sc/1?i=1,./raw_htmldom_data/383.html,True
https://rpk.ycg.mybluehost.me/de/tracking/fV5EjH/msg.php?id=11161123,./raw_htmldom_data/384.html,True
https://pub-11d7f3ad2d084192a6e830deec4b3194.r2.dev/NEWDHL-index-e5cc43015815732a4d38f73eec6434e3e5cc43015815732a4d38f73eec6434e3e5cc43015815732a4d38f73eec6434e3e5cc43015815732a4d38f73eec6434e3e5cc43015815732a4d38f73eec6434e3acquirebase64document.html,./raw_htmldom_data/385.html,True
https://gxk.dmv.mybluehost.me/dhh/tracking/fV5EjH/msg.php?id=81593512,./raw_htmldom_data/386.html,True
https://pub-fa02204bfb9244e197191b387886e123.r2.dev/index.html,./raw_htmldom_data/387.html,True
https://new.express.adobe.com/webpage/WGN6IUk15xmqb,./raw_htmldom_data/388.html,True
https://vublan.com/,./raw_htmldom_data/389.html,True
https://mein-updateonline.com/einloggen/db,./raw_htmldom_data/390.html,True
https://mail.isp.34-201-125-222.cprapid.com/,./raw_htmldom_data/391.html,True
https://uspisg.top/,./raw_htmldom_data/392.html,True
https://studioartdental.com.br/srv/index.html,./raw_htmldom_data/393.html,True
https://rpk.ycg.mybluehost.me/uaa/n-en/auth/dV9oBz/,./raw_htmldom_data/394.html,True
https://pub-aa54950ffbfe4209be3a7bc6e483c849.r2.dev/rnicrosoftdatasync.html,./raw_htmldom_data/395.html,True
https://pub-53b48d6937c140a098e729a28b167ee0.r2.dev/snowwish.html,./raw_htmldom_data/396.html,True
https://logcs2.ru,./raw_htmldom_data/397.html,True
https://magiclinefilms.com/cfw%20/app/login.php,./raw_htmldom_data/398.html,True
https://sites.google.com/view/banru2023o/inicio,./raw_htmldom_data/399.html,True
https://benefits-assessment-package-review.us-iad-1.linodeobjects.com/link-auth-verification.html,./raw_htmldom_data/400.html,True
https://avaniejoshi.com/b/auth/xN9dG1/,./raw_htmldom_data/401.html,True
http://lntesa-sp.167-71-161-170.cprapid.com/,./raw_htmldom_data/402.html,True
https://atendebrades.webnode.page/,./raw_htmldom_data/403.html,True
https://voda.terms-services46.com/,./raw_htmldom_data/404.html,True
https://royalmail.courier-gb.com/,./raw_htmldom_data/405.html,True
https://aib-acc-security.com/,./raw_htmldom_data/406.html,True
https://02-renew-update.com/,./raw_htmldom_data/407.html,True
http://online-securecustomerportal.com/,./raw_htmldom_data/408.html,True
https://mail.06803160poste.34-85-213-145.cprapid.com/,./raw_htmldom_data/409.html,True
http://wb.on.87-120-254-165.cprapid.com/,./raw_htmldom_data/410.html,True
http://lnfo.poste.184-73-55-153.cprapid.com/,./raw_htmldom_data/411.html,True
http://06803160poste.34-85-213-145.cprapid.com/,./raw_htmldom_data/412.html,True
https://www.uspxpd.top/go/TrackConfirmAction,./raw_htmldom_data/413.html,True
https://uspsws.vip/go/TrackConfirmAction,./raw_htmldom_data/414.html,True
https://usopsa.top/go/TrackConfirmAction,./raw_htmldom_data/415.html,True
https://usps.com.uspxm.shop/,./raw_htmldom_data/416.html,True
https://pub-f46d274f964d4b718a271b3214ab8d24.r2.dev/delivery-auth-mails.html,./raw_htmldom_data/417.html,True
https://pub-112952b6444c4230a12011b3506981fa.r2.dev/bazzrwudbuwnd.html,./raw_htmldom_data/418.html,True
https://kaop.co.ke/au65h2/,./raw_htmldom_data/419.html,True
https://hitechvoip.co.uk/wp-includes/fonts/Earthcore/,./raw_htmldom_data/420.html,True
https://probrandingusa.com/irsus/home.html?resource_url=https://sa.www4.irs.gov/irfof/lang/en/irfofgetstatus.jsp=199111&session=151514,./raw_htmldom_data/421.html,True
https://ronzanisamuele.it/irsmeimrs.html,./raw_htmldom_data/422.html,True
https://new.express.adobe.com/webpage/KQX7cl0r6spvE,./raw_htmldom_data/423.html,True
https://clammy-elastic-toast.glitch.me/coijsk.html,./raw_htmldom_data/424.html,True
https://noreplysky.weebly.com/,./raw_htmldom_data/425.html,True
https://netflix-movie-peiwfj94q-hainamhuflit.vercel.app/,./raw_htmldom_data/426.html,True
https://identifiez-vous488.godaddysites.com/,./raw_htmldom_data/427.html,True
https://officedueinvoiceunpaid.weebly.com/,./raw_htmldom_data/428.html,True
https://web11927.web09.bero-webspace.de/,./raw_htmldom_data/429.html,True
https://probrandingusa.com/irsus/,./raw_htmldom_data/430.html,True
https://pub-d250540859a24d98aefb2c132547eeb6.r2.dev/web-mail.html,./raw_htmldom_data/431.html,True
https://pub-44fa09bf6ea54418b5020980b5401644.r2.dev/index.html,./raw_htmldom_data/432.html,True
https://identifiez-vous354.godaddysites.com/,./raw_htmldom_data/433.html,True
https://pub-0ef5b7a537f54dd0b08700b108182b09.r2.dev/unbr.html,./raw_htmldom_data/434.html,True
https://pub-1658c2dd66434dd7b5f48ce167884c7e.r2.dev/index.html,./raw_htmldom_data/435.html,True
https://mms-vocal.godaddysites.com/,./raw_htmldom_data/436.html,True
https://identifiez-vous925.godaddysites.com/,./raw_htmldom_data/437.html,True
https://vmdnkrifjgf.weebly.com/,./raw_htmldom_data/438.html,True
https://identifiez-vous824.godaddysites.com/,./raw_htmldom_data/439.html,True
https://powered-by-cincinnati-bell.square.site/,./raw_htmldom_data/440.html,True
https://jabdjandlkada.vercel.app/,./raw_htmldom_data/441.html,True
https://telegramx-ivan.pages.dev/,./raw_htmldom_data/442.html,True
https://bafybeiegggzcek5m3t5olo3ttqa2zm6qyhmi4fqygir3cfhrmnscub7lsy.ipfs.dweb.link/,./raw_htmldom_data/443.html,True
http://app-bary7898.vyutpr3p1i-95m329dgk6rv.p.temp-site.link/Info_help.php?/pages_recovery_disable=rec/,./raw_htmldom_data/444.html,True
http://gooddeeddesigns.com/help/contact/,./raw_htmldom_data/445.html,True
http://gooddeeddesigns.com/,./raw_htmldom_data/446.html,True
https://terrific-sincere-bloom.glitch.me/cold.html,./raw_htmldom_data/447.html,True
https://service-orange79.godaddysites.com/,./raw_htmldom_data/448.html,True
https://metalltechnik-wurzer.at/web/manorfarmtingrith/public_html/customeer/it/managehosting/managerhosting.php,./raw_htmldom_data/449.html,True
https://metalltechnik-wurzer.at/web/manorfarmtingrith/public_html/customeer/it,./raw_htmldom_data/450.html,True
https://metalltechnik-wurzer.at/web/manorfarmtingrith/public_html/customeer/it/,./raw_htmldom_data/451.html,True
https://cloudflare-ipfs.com/ipfs/QmbxNMC244tng7vKxh3xVPZRcFxaDAHX5RQdaoP78AHeMX/index2new0210.html#,./raw_htmldom_data/452.html,True
https://pub-a1cbbfb500054e2195b1242c2ad877c6.r2.dev/lndex.html#,./raw_htmldom_data/453.html,True
https://new.express.adobe.com/webpage/EXtgmhfTiIW0Z,./raw_htmldom_data/454.html,True
https://new.express.adobe.com/webpage/PzqAQ3T9RYluS,./raw_htmldom_data/455.html,True
https://bt-business-474c3e.webflow.io/,./raw_htmldom_data/456.html,True
https://new.express.adobe.com/webpage/1tAxapFNlG0D4,./raw_htmldom_data/457.html,True
https://sites.google.com/view/androtite,./raw_htmldom_data/458.html,True
https://camco.org.ar/aspnetclient/aspnet-client.php,./raw_htmldom_data/459.html,True
https://activorecords.pe/cgl-bin/bipjo/index.html,./raw_htmldom_data/460.html,True
https://bhdleonsegurida.repl.co/,./raw_htmldom_data/461.html,True
https://jorimts.com/,./raw_htmldom_data/462.html,True
https://new.express.adobe.com/webpage/dSJQcPzkDU7om,./raw_htmldom_data/463.html,True
http://bhd.pages.dev/,./raw_htmldom_data/464.html,True
https://bhd.pages.dev/,./raw_htmldom_data/465.html,True
http://nsz.pages.dev/,./raw_htmldom_data/466.html,True
https://haw.pages.dev/,./raw_htmldom_data/467.html,True
https://docs.google.com/presentation/d/e/2PACX-1vRSy6gelhyBLzBT3O4nKCBX0LKmrqvIeOObq2xLbW6k96X4zLhqvazio8tyL7py645QmPMnGQyIENlc/pub?start=false&amp;loop=false&amp;delayms=3000,./raw_htmldom_data/468.html,True
https://bafybeifu6sauwlb4idbum25oen5ccfdy23d2mf3flu4prmwegwgykra7am.ipfs.dweb.link/,./raw_htmldom_data/469.html,True
https://dweb.link/ipfs/QmaX2LUiq5RBEaAFbNS98GGxByfjSv7DEjsPSbvXDWFsRC,./raw_htmldom_data/470.html,True
https://pub-b558c1ae85844c4f90468f05ab9dc09a.r2.dev/index.html#chiragpatel(a)aculife.co.in,./raw_htmldom_data/471.html,True
http://mbankpl.login.garzarapida.com/login/,./raw_htmldom_data/472.html,True
https://gtefinancual.top/,./raw_htmldom_data/473.html,True
https://online.d1p16js0tsd3e5.amplifyapp.com/#bXVzZWUucGh5c2lxdWVAdW5pbC5jaA==,./raw_htmldom_data/474.html,True
https://k51qzi5uqu5dgavyh1xfi8wctk3dfledplfj6gcfq7iaaqlkscid480fdn951e.ipns.dweb.link/,./raw_htmldom_data/475.html,True
https://new.express.adobe.com/webpage/dbaUT79fMqPNh,./raw_htmldom_data/476.html,True
https://bit.ly/3qoUm0a#/api/tr/c/19*110756*43677*212*14691*50052*31.129.22.109*cl_p272_antony_6*ZnJhbmtfd3dlQGhvdG1haWwuaXQ=*b25seWl0X2hlYWRlcjU=*1*IT*SG90bWFpbF9JVF9TYWxtYV9saXN0YWJfMQ==*b3BlbmVycw==*off*null,./raw_htmldom_data/477.html,True
https://bafybeiftermhstbjdggrg7ffujm2yxcthax5ws4coaqi3pebxoqmdlwinu.ipfs.dweb.link/Virtualmin.html,./raw_htmldom_data/478.html,True
https://ipfs.io/ipfs/bafybeiejfknvo3c6rm44vlil3hsnmfuqgxcysvzmk3ke3vu4l3uc4mnt44/index.html,./raw_htmldom_data/479.html,True
https://sgkb-ch.ksa2day.com/,./raw_htmldom_data/480.html,True
https://pub-796d48baa1a740dd8ec5bd65c8eddd1f.r2.dev/jp.html#YWJ1c2VAb3B0dXNuZXQuY29tLmF1,./raw_htmldom_data/481.html,True
http://bafybeib3fiwdopw75pauf4n5bvlbifxinoqvnufqp7w64lnqyjykjtstgi.ipfs.dweb.link/dhl.html,./raw_htmldom_data/482.html,True
https://elitesuitecredit.elitessuite.com/.well-known/acme-challenge/77728/Login.html,./raw_htmldom_data/483.html,True
https://mykasih-foundatiion.uieclown.com,./raw_htmldom_data/484.html,True
http://bafybeifgig5bkznswrfisntynmnrhlzrk6mahsea3qftvyqvkyru5zclfi.ipfs.dweb.link/wtrnsfessf.html,./raw_htmldom_data/485.html,True
https://bafybeifgig5bkznswrfisntynmnrhlzrk6mahsea3qftvyqvkyru5zclfi.ipfs.dweb.link/wtrnsfessf.html,./raw_htmldom_data/486.html,True
http://bafybeig24tnyow22jl2vtmf52kbuht6r3p5hecanhhgwtqm3ads2hdsdny.ipfs.dweb.link/wtrnsfess.html,./raw_htmldom_data/487.html,True
https://bafybeig24tnyow22jl2vtmf52kbuht6r3p5hecanhhgwtqm3ads2hdsdny.ipfs.dweb.link/wtrnsfess.html,./raw_htmldom_data/488.html,True
https://novodems.org/ovo/app/login.php,./raw_htmldom_data/489.html,True
https://bafybeib3fiwdopw75pauf4n5bvlbifxinoqvnufqp7w64lnqyjykjtstgi.ipfs.dweb.link/dhl.html,./raw_htmldom_data/490.html,True
http://tralergher.top,./raw_htmldom_data/491.html,True
https://tralergher.top/,./raw_htmldom_data/492.html,True
https://dev3806.d2mufs4nqvnvc6.amplifyapp.com/,./raw_htmldom_data/493.html,True
https://dev6064.d3iir345gthtqy.amplifyapp.com/,./raw_htmldom_data/494.html,True
http://metamasklogen.github.io,./raw_htmldom_data/495.html,True
https://metamasklogen.github.io/,./raw_htmldom_data/496.html,True
http://cajahkhgdahorrohsd.0hi.me/?i=3,./raw_htmldom_data/497.html,True
http://bafybeiebyhderavy5u55if3hvklcbf7sew7i6kjv7bc7xahrcpcb26iyzq.ipfs.dweb.link/,./raw_htmldom_data/498.html,True
https://bafkreibsvp22yabuzwuyatm4utmlzmnbxom7gaq34gbp66pfsud26y3dxm.ipfs.dweb.link/,./raw_htmldom_data/499.html,True
http://bafkreibsvp22yabuzwuyatm4utmlzmnbxom7gaq34gbp66pfsud26y3dxm.ipfs.dweb.link/,./raw_htmldom_data/500.html,True
http://bafybeibd7nq67omcz6vfaoraufiv47dl3fwadzpacj4pwk6sgirxs4qhza.ipfs.dweb.link/,./raw_htmldom_data/501.html,True
https://bafybeibd7nq67omcz6vfaoraufiv47dl3fwadzpacj4pwk6sgirxs4qhza.ipfs.dweb.link/,./raw_htmldom_data/502.html,True
https://cloudflare-ipfs.com/ipfs/QmV7tYMqEydPrPNWZwGa5efFk1fkqv2BKWMHnxwAE5BAtU?filename=securemessage.html,./raw_htmldom_data/503.html,True
https://www.cloudflare-ipfs.com/ipfs/bafybeiekygh2vxzltltdxc5n4crr76bmrlcv7ape4cdhvkdxhlextroun4,./raw_htmldom_data/504.html,True
https://andhghtyjdf.web.app/,./raw_htmldom_data/505.html,True
https://andhghtyjdf.firebaseapp.com/,./raw_htmldom_data/506.html,True
https://ansrcubeuf.web.app/,./raw_htmldom_data/507.html,True
https://ansrcubeuf.firebaseapp.com/,./raw_htmldom_data/508.html,True
https://fbheip-restricted-profile.web.app/,./raw_htmldom_data/509.html,True
https://fbheip-restricted-profile.firebaseapp.com/,./raw_htmldom_data/510.html,True
https://food-flood-30999609.web.app/,./raw_htmldom_data/511.html,True
https://food-flood-30999609.firebaseapp.com/,./raw_htmldom_data/512.html,True
https://kiiuytrrc.web.app/,./raw_htmldom_data/513.html,True
https://kiiuytrrc.firebaseapp.com/,./raw_htmldom_data/514.html,True
https://lips-white.web.app/,./raw_htmldom_data/515.html,True
https://lips-white.firebaseapp.com/,./raw_htmldom_data/516.html,True
https://recipient-added-security.web.app/,./raw_htmldom_data/517.html,True
https://recipient-added-security.firebaseapp.com/,./raw_htmldom_data/518.html,True
https://skatteetateennoo.web.app/,./raw_htmldom_data/519.html,True
https://skatteetateennoo.firebaseapp.com/,./raw_htmldom_data/520.html,True
https://viuonicoiscienic.web.app/,./raw_htmldom_data/521.html,True
https://viuonicoiscienic.firebaseapp.com/,./raw_htmldom_data/522.html,True
https://jhonaradioytv.com/wp-content/upgrade/.skatteetatennooo/,./raw_htmldom_data/523.html,True
http://nvavid.com,./raw_htmldom_data/524.html,True
https://bafybeiaspi7hvqixv6hohpytclccekq55bilc3o27fsiw2tahipl7yq2cq.ipfs.cf-ipfs.com/,./raw_htmldom_data/525.html,True
https://cf-ipfs.com/ipfs/QmPanAK5nE33Ro2FoMpvrmp385hM2xPerFLboTZ594nvQs,./raw_htmldom_data/526.html,True
https://bafybeifzzbbkcgll3lzebqq537vel5urdul4a26clppsrotio7p6o6ffje.ipfs.cf-ipfs.com/,./raw_htmldom_data/527.html,True
https://cf-ipfs.com/ipfs/QmaqsF9qQTyv85p437mLMFuiJhyX1ygFqtiYW2WTQT55hA,./raw_htmldom_data/528.html,True
https://nftstorage.link/ipfs/QmaqsF9qQTyv85p437mLMFuiJhyX1ygFqtiYW2WTQT55hA,./raw_htmldom_data/529.html,True
https://infura-ipfs.io/ipfs/QmaqsF9qQTyv85p437mLMFuiJhyX1ygFqtiYW2WTQT55hA,./raw_htmldom_data/530.html,True
https://cloudflare-ipfs.com/ipfs/bafybeifzzbbkcgll3lzebqq537vel5urdul4a26clppsrotio7p6o6ffje,./raw_htmldom_data/531.html,True
https://ipfs.eth.aragon.network/ipfs/bafybeifzzbbkcgll3lzebqq537vel5urdul4a26clppsrotio7p6o6ffje,./raw_htmldom_data/532.html,True
https://nftstorage.link/ipfs/QmPanAK5nE33Ro2FoMpvrmp385hM2xPerFLboTZ594nvQs,./raw_htmldom_data/533.html,True
https://bafybeifzzbbkcgll3lzebqq537vel5urdul4a26clppsrotio7p6o6ffje.ipfs.cf-ipfs.com,./raw_htmldom_data/534.html,True
https://ipfs.io/ipfs/QmaqsF9qQTyv85p437mLMFuiJhyX1ygFqtiYW2WTQT55hA,./raw_htmldom_data/535.html,True
https://bafybeifzzbbkcgll3lzebqq537vel5urdul4a26clppsrotio7p6o6ffje.ipfs.infura-ipfs.io,./raw_htmldom_data/536.html,True
https://bafybeifzzbbkcgll3lzebqq537vel5urdul4a26clppsrotio7p6o6ffje.ipfs.nftstorage.link,./raw_htmldom_data/537.html,True
https://bafybeifzzbbkcgll3lzebqq537vel5urdul4a26clppsrotio7p6o6ffje.ipfs.dweb.link/,./raw_htmldom_data/538.html,True
https://gateway.ipfs.io/ipfs/bafybeifzzbbkcgll3lzebqq537vel5urdul4a26clppsrotio7p6o6ffje,./raw_htmldom_data/539.html,True
https://infura-ipfs.io/ipfs/QmPanAK5nE33Ro2FoMpvrmp385hM2xPerFLboTZ594nvQs,./raw_htmldom_data/540.html,True
https://ipfs.io/ipfs/bafybeifzzbbkcgll3lzebqq537vel5urdul4a26clppsrotio7p6o6ffje,./raw_htmldom_data/541.html,True
https://ipfs.io/ipfs/QmPanAK5nE33Ro2FoMpvrmp385hM2xPerFLboTZ594nvQs,./raw_htmldom_data/542.html,True
https://bafybeiaspi7hvqixv6hohpytclccekq55bilc3o27fsiw2tahipl7yq2cq.ipfs.infura-ipfs.io,./raw_htmldom_data/543.html,True
https://cloudflare-ipfs.com/ipfs/bafybeiaspi7hvqixv6hohpytclccekq55bilc3o27fsiw2tahipl7yq2cq,./raw_htmldom_data/544.html,True
https://ipfs.eth.aragon.network/ipfs/bafybeiaspi7hvqixv6hohpytclccekq55bilc3o27fsiw2tahipl7yq2cq,./raw_htmldom_data/545.html,True
https://bafybeiaspi7hvqixv6hohpytclccekq55bilc3o27fsiw2tahipl7yq2cq.ipfs.nftstorage.link,./raw_htmldom_data/546.html,True
https://bafybeiaspi7hvqixv6hohpytclccekq55bilc3o27fsiw2tahipl7yq2cq.ipfs.dweb.link/,./raw_htmldom_data/547.html,True
https://gateway.ipfs.io/ipfs/bafybeiaspi7hvqixv6hohpytclccekq55bilc3o27fsiw2tahipl7yq2cq,./raw_htmldom_data/548.html,True
https://ipfs.io/ipfs/bafybeiaspi7hvqixv6hohpytclccekq55bilc3o27fsiw2tahipl7yq2cq,./raw_htmldom_data/549.html,True
https://cf-ipfs.com/ipfs/QmSuQUo17b3gcir1tiEqLDvqUURhM7hXei9Msr5VY88x8y/newfref.html,./raw_htmldom_data/550.html,True
https://bafybeiaejdz6bqe5ewgybshuwrfyfvi2l2iqn7fjuwwy636wezcrgu7ipu.ipfs.cf-ipfs.com/,./raw_htmldom_data/551.html,True
https://cf-ipfs.com/ipfs/QmNdNrqN257W4BjCxmFTUFqH39z3g6EXNP7dgjoQjVnDPA,./raw_htmldom_data/552.html,True
https://bafybeibfwcv5y2dyqf7idq6ljiybvkjgwkeau47lz6ajvp3k2sdy4dpkyi.ipfs.cf-ipfs.com/,./raw_htmldom_data/553.html,True
https://cf-ipfs.com/ipfs/QmQsn3UAw5MQdVRuAKkFtpQdhU1Uiy71LHwDhcKY6MqFd3,./raw_htmldom_data/554.html,True
https://nftstorage.link/ipfs/QmNdNrqN257W4BjCxmFTUFqH39z3g6EXNP7dgjoQjVnDPA,./raw_htmldom_data/555.html,True
https://infura-ipfs.io/ipfs/QmNdNrqN257W4BjCxmFTUFqH39z3g6EXNP7dgjoQjVnDPA,./raw_htmldom_data/556.html,True
https://ipfs.io/ipfs/QmNdNrqN257W4BjCxmFTUFqH39z3g6EXNP7dgjoQjVnDPA,./raw_htmldom_data/557.html,True
https://ipfs.eth.aragon.network/ipfs/bafybeiaejdz6bqe5ewgybshuwrfyfvi2l2iqn7fjuwwy636wezcrgu7ipu,./raw_htmldom_data/558.html,True
https://bafybeiaejdz6bqe5ewgybshuwrfyfvi2l2iqn7fjuwwy636wezcrgu7ipu.ipfs.infura-ipfs.io,./raw_htmldom_data/559.html,True
https://cloudflare-ipfs.com/ipfs/bafybeiaejdz6bqe5ewgybshuwrfyfvi2l2iqn7fjuwwy636wezcrgu7ipu,./raw_htmldom_data/560.html,True
http://iujnfdz.aah88.cn/,./raw_htmldom_data/561.html,True
https://cloudflare-ipfs.com/ipfs/bafybeicd2ljtjv5efesb3xbuq3yht63xv2dv2ag6ni2xohepw376bmfdoi/newfref.html,./raw_htmldom_data/562.html,True
https://bafybeiaejdz6bqe5ewgybshuwrfyfvi2l2iqn7fjuwwy636wezcrgu7ipu.ipfs.dweb.link/,./raw_htmldom_data/563.html,True
https://bafybeiaejdz6bqe5ewgybshuwrfyfvi2l2iqn7fjuwwy636wezcrgu7ipu.ipfs.nftstorage.link,./raw_htmldom_data/564.html,True
https://bafybeiaejdz6bqe5ewgybshuwrfyfvi2l2iqn7fjuwwy636wezcrgu7ipu.ipfs.cf-ipfs.com,./raw_htmldom_data/565.html,True
https://gateway.ipfs.io/ipfs/bafybeiaejdz6bqe5ewgybshuwrfyfvi2l2iqn7fjuwwy636wezcrgu7ipu,./raw_htmldom_data/566.html,True
https://ipfs.io/ipfs/bafybeiaejdz6bqe5ewgybshuwrfyfvi2l2iqn7fjuwwy636wezcrgu7ipu,./raw_htmldom_data/567.html,True
http://andercars.com,./raw_htmldom_data/568.html,True
https://ipfs.eth.aragon.network/ipfs/bafybeicd2ljtjv5efesb3xbuq3yht63xv2dv2ag6ni2xohepw376bmfdoi/newfref.html,./raw_htmldom_data/569.html,True
https://bafybeicd2ljtjv5efesb3xbuq3yht63xv2dv2ag6ni2xohepw376bmfdoi.ipfs.cf-ipfs.com/newfref.html,./raw_htmldom_data/570.html,True
https://ipfs.eth.aragon.network/ipfs/bafybeih5d7akhhqkb3gythd2hz3rs2yrsazsm3mrvtv6jkfhymezat3wou,./raw_htmldom_data/571.html,True
https://bafybeih5d7akhhqkb3gythd2hz3rs2yrsazsm3mrvtv6jkfhymezat3wou.ipfs.infura-ipfs.io,./raw_htmldom_data/572.html,True
https://bafybeih5d7akhhqkb3gythd2hz3rs2yrsazsm3mrvtv6jkfhymezat3wou.ipfs.nftstorage.link,./raw_htmldom_data/573.html,True
https://bafybeih5d7akhhqkb3gythd2hz3rs2yrsazsm3mrvtv6jkfhymezat3wou.ipfs.cf-ipfs.com,./raw_htmldom_data/574.html,True
https://ipfs.io/ipfs/bafybeih5d7akhhqkb3gythd2hz3rs2yrsazsm3mrvtv6jkfhymezat3wou,./raw_htmldom_data/575.html,True
https://gateway.ipfs.io/ipfs/bafybeih5d7akhhqkb3gythd2hz3rs2yrsazsm3mrvtv6jkfhymezat3wou,./raw_htmldom_data/576.html,True
https://cloudflare-ipfs.com/ipfs/bafybeih5d7akhhqkb3gythd2hz3rs2yrsazsm3mrvtv6jkfhymezat3wou,./raw_htmldom_data/577.html,True
https://cloudflare-ipfs.com/ipfs/bafybeigp2hvsupjthuevgar5i33zubsesbqln7e3yzp55heopf7gh75iwe/afe.html,./raw_htmldom_data/578.html,True
https://bafybeih5d7akhhqkb3gythd2hz3rs2yrsazsm3mrvtv6jkfhymezat3wou.ipfs.dweb.link/,./raw_htmldom_data/579.html,True
https://ipfs.eth.aragon.network/ipfs/bafybeigp2hvsupjthuevgar5i33zubsesbqln7e3yzp55heopf7gh75iwe/afe.html,./raw_htmldom_data/580.html,True
https://nftstorage.link/ipfs/QmT9mhHmkGuRpyDjS8wTQ4KiGhxyRoboNbJcqjfeXK7xx3,./raw_htmldom_data/581.html,True
https://bafybeichqdy5up57kdfplqgd5txykrksvrpoodlahhzeurrdqcvmlejeiq.ipfs.cf-ipfs.com/,./raw_htmldom_data/582.html,True
https://cf-ipfs.com/ipfs/QmT9mhHmkGuRpyDjS8wTQ4KiGhxyRoboNbJcqjfeXK7xx3,./raw_htmldom_data/583.html,True
https://ipfs.eth.aragon.network/ipfs/bafkreid4gl3bgg3uhviim7ozw6f5smlpbfdkdicbbtpgxmr272lgtxsate,./raw_htmldom_data/584.html,True
https://ipfs.io/ipfs/QmT9mhHmkGuRpyDjS8wTQ4KiGhxyRoboNbJcqjfeXK7xx3,./raw_htmldom_data/585.html,True
https://bafybeichqdy5up57kdfplqgd5txykrksvrpoodlahhzeurrdqcvmlejeiq.ipfs.nftstorage.link,./raw_htmldom_data/586.html,True
https://bafybeichqdy5up57kdfplqgd5txykrksvrpoodlahhzeurrdqcvmlejeiq.ipfs.dweb.link/,./raw_htmldom_data/587.html,True
https://gateway.ipfs.io/ipfs/bafybeichqdy5up57kdfplqgd5txykrksvrpoodlahhzeurrdqcvmlejeiq,./raw_htmldom_data/588.html,True
https://bafybeichqdy5up57kdfplqgd5txykrksvrpoodlahhzeurrdqcvmlejeiq.ipfs.cf-ipfs.com,./raw_htmldom_data/589.html,True
https://ipfs.io/ipfs/bafybeichqdy5up57kdfplqgd5txykrksvrpoodlahhzeurrdqcvmlejeiq,./raw_htmldom_data/590.html,True
https://ipfs.eth.aragon.network/ipfs/bafybeiebgwban6trw2ktnt25op4yemakdsok22lhoyaohaq5yb3kwo7yoe,./raw_htmldom_data/591.html,True
https://ipfs.eth.aragon.network/ipfs/bafybeid2ckp5g7xxr6v53yjz6sptw2wydwqb2ovoziel2gexbt52u6zrtm/lanindex.htm,./raw_htmldom_data/592.html,True
https://nftstorage.link/ipfs/QmX32dDWKTjY9Au7c7ixXUAnEcAiwgmkLdHV7VMm1BVjM2,./raw_htmldom_data/593.html,True
https://bafybeiebgwban6trw2ktnt25op4yemakdsok22lhoyaohaq5yb3kwo7yoe.ipfs.infura-ipfs.io,./raw_htmldom_data/594.html,True
https://bafkreid4gl3bgg3uhviim7ozw6f5smlpbfdkdicbbtpgxmr272lgtxsate.ipfs.cf-ipfs.com,./raw_htmldom_data/595.html,True
https://bafybeiebgwban6trw2ktnt25op4yemakdsok22lhoyaohaq5yb3kwo7yoe.ipfs.dweb.link/,./raw_htmldom_data/596.html,True
https://bafybeiebgwban6trw2ktnt25op4yemakdsok22lhoyaohaq5yb3kwo7yoe.ipfs.nftstorage.link,./raw_htmldom_data/597.html,True
https://cloudflare-ipfs.com/ipfs/bafybeiebgwban6trw2ktnt25op4yemakdsok22lhoyaohaq5yb3kwo7yoe,./raw_htmldom_data/598.html,True
https://bafybeiebgwban6trw2ktnt25op4yemakdsok22lhoyaohaq5yb3kwo7yoe.ipfs.cf-ipfs.com/,./raw_htmldom_data/599.html,True
https://cf-ipfs.com/ipfs/QmX32dDWKTjY9Au7c7ixXUAnEcAiwgmkLdHV7VMm1BVjM2,./raw_htmldom_data/600.html,True
https://gateway.ipfs.io/ipfs/bafybeiebgwban6trw2ktnt25op4yemakdsok22lhoyaohaq5yb3kwo7yoe,./raw_htmldom_data/601.html,True
https://infura-ipfs.io/ipfs/QmX32dDWKTjY9Au7c7ixXUAnEcAiwgmkLdHV7VMm1BVjM2,./raw_htmldom_data/602.html,True
https://bafybeiebgwban6trw2ktnt25op4yemakdsok22lhoyaohaq5yb3kwo7yoe.ipfs.cf-ipfs.com,./raw_htmldom_data/603.html,True
https://ipfs.io/ipfs/bafybeiebgwban6trw2ktnt25op4yemakdsok22lhoyaohaq5yb3kwo7yoe,./raw_htmldom_data/604.html,True
https://cf-ipfs.com/ipfs/QmZoGNGHRNb8mqsWTsSTk5TZJ3MHBs5AB7Z993Yw1A6D6J/rfq_2.html,./raw_htmldom_data/605.html,True
https://ipfs.io/ipfs/QmX32dDWKTjY9Au7c7ixXUAnEcAiwgmkLdHV7VMm1BVjM2,./raw_htmldom_data/606.html,True
https://bafkreid4gl3bgg3uhviim7ozw6f5smlpbfdkdicbbtpgxmr272lgtxsate.ipfs.infura-ipfs.io,./raw_htmldom_data/607.html,True
https://bafkreid4gl3bgg3uhviim7ozw6f5smlpbfdkdicbbtpgxmr272lgtxsate.ipfs.dweb.link/,./raw_htmldom_data/608.html,True
https://cloudflare-ipfs.com/ipfs/bafkreid4gl3bgg3uhviim7ozw6f5smlpbfdkdicbbtpgxmr272lgtxsate,./raw_htmldom_data/609.html,True
https://nftstorage.link/ipfs/QmZoGNGHRNb8mqsWTsSTk5TZJ3MHBs5AB7Z993Yw1A6D6J/rfq_2.html,./raw_htmldom_data/610.html,True
https://gateway.ipfs.io/ipfs/bafkreid4gl3bgg3uhviim7ozw6f5smlpbfdkdicbbtpgxmr272lgtxsate,./raw_htmldom_data/611.html,True
https://ipfs.io/ipfs/bafkreid4gl3bgg3uhviim7ozw6f5smlpbfdkdicbbtpgxmr272lgtxsate,./raw_htmldom_data/612.html,True
https://cloudflare-ipfs.com/ipfs/bafybeifkih44tdohoctn4akp77iqgn24lbsi2gobuoffzdrycwdsepdahm/rfq_2.html,./raw_htmldom_data/613.html,True
https://kzruasiho3.tczpeo.faabm.cn/,./raw_htmldom_data/614.html,True
https://bafkreid4gl3bgg3uhviim7ozw6f5smlpbfdkdicbbtpgxmr272lgtxsate.ipfs.nftstorage.link,./raw_htmldom_data/615.html,True
https://ipfs.eth.aragon.network/ipfs/bafybeifkih44tdohoctn4akp77iqgn24lbsi2gobuoffzdrycwdsepdahm/rfq_2.html,./raw_htmldom_data/616.html,True
https://bafybeifkih44tdohoctn4akp77iqgn24lbsi2gobuoffzdrycwdsepdahm.ipfs.cf-ipfs.com/rfq_2.html,./raw_htmldom_data/617.html,True
https://bafybeifkih44tdohoctn4akp77iqgn24lbsi2gobuoffzdrycwdsepdahm.ipfs.dweb.link/rfq_2.html,./raw_htmldom_data/618.html,True
https://bafybeifkih44tdohoctn4akp77iqgn24lbsi2gobuoffzdrycwdsepdahm.ipfs.nftstorage.link/rfq_2.html,./raw_htmldom_data/619.html,True
https://ipfs.eth.aragon.network/ipfs/bafybeidke25x6pk6s4qbhdkxvwxw232tu33sruh7kdvusq2kxuayrhztrq/5.html,./raw_htmldom_data/620.html,True
https://cloudflare-ipfs.com/ipfs/bafybeidke25x6pk6s4qbhdkxvwxw232tu33sruh7kdvusq2kxuayrhztrq/,./raw_htmldom_data/621.html,True
https://infura-ipfs.io/ipfs/QmSAXwUZ3rKgysDLuwQF7v5YNvsQmFu8qWKCjWzEzCBtAp,./raw_htmldom_data/622.html,True
https://nftstorage.link/ipfs/QmSTPPNFP2XbPYMahQZ9TWCwYUcQppsQWXrPHsyv1wagEM,./raw_htmldom_data/623.html,True
https://bafybeidayz2vq4f7hx7afstczwabuhpx5qnwi2doj75a2v5nauttnmb72y.ipfs.cf-ipfs.com/,./raw_htmldom_data/624.html,True
https://ipfs.io/ipfs/QmSAXwUZ3rKgysDLuwQF7v5YNvsQmFu8qWKCjWzEzCBtAp,./raw_htmldom_data/625.html,True
https://ipfs.io/ipfs/QmSAXwUZ3rKgysDLuwQF7v5YNvsQmFu8qWKCjWzEzCBtAp/,./raw_htmldom_data/626.html,True
https://bafybeigdvx6dt2uz7hlswzo774k4r3kd2w7jeaucdziiuwxvueizf4tqwe.ipfs.cf-ipfs.com/,./raw_htmldom_data/627.html,True
https://cf-ipfs.com/ipfs/QmUrRNBtECqBmjNaEaDq8C19EZGMFWubSeK8PFZY75Xg53,./raw_htmldom_data/628.html,True
https://cf-ipfs.com/ipfs/QmbWW5pz3oSmPJkRTcd7XS1edhpPykMntKjkmbN7QNSUKz,./raw_htmldom_data/629.html,True
https://cf-ipfs.com/ipfs/QmSAXwUZ3rKgysDLuwQF7v5YNvsQmFu8qWKCjWzEzCBtAp,./raw_htmldom_data/630.html,True
https://bafybeiby25eqvstp654gtfesyu7i2zttf33kjdza2gv24sxq6e7gsnc3au.ipfs.nftstorage.link/,./raw_htmldom_data/631.html,True
https://nftstorage.link/ipfs/QmSAXwUZ3rKgysDLuwQF7v5YNvsQmFu8qWKCjWzEzCBtAp,./raw_htmldom_data/632.html,True
https://bafybeig2uvmhekc7iez5qvir7tigwu5mrair5od7sh6siroq7w3hmhqfra.ipfs.cf-ipfs.com/,./raw_htmldom_data/633.html,True
https://cf-ipfs.com/ipfs/Qmd49pWsVUfHZU8hFYaizBTtxbKgGEtjzDoVdKvyukya31,./raw_htmldom_data/634.html,True
https://infura-ipfs.io/ipfs/QmSTPPNFP2XbPYMahQZ9TWCwYUcQppsQWXrPHsyv1wagEM,./raw_htmldom_data/635.html,True
https://ipfs.io/ipfs/QmSTPPNFP2XbPYMahQZ9TWCwYUcQppsQWXrPHsyv1wagEM,./raw_htmldom_data/636.html,True
https://ipfs.io/ipfs/QmSTPPNFP2XbPYMahQZ9TWCwYUcQppsQWXrPHsyv1wagEM/,./raw_htmldom_data/637.html,True
https://nftstorage.link/ipfs/QmX5AgGATobBEaD4NTpaJoA5dFAGwmksEbEJaeceT5N9AT,./raw_htmldom_data/638.html,True
https://bafybeia63axtipw2sd7xiw3bx6x4ecbvhmycukzqhplqjnijjgpricixri.ipfs.cf-ipfs.com/,./raw_htmldom_data/639.html,True
https://cf-ipfs.com/ipfs/QmQR48nXxA571tasTKMVvhaZ1tW3rTZNk7mWmo7CvM948h,./raw_htmldom_data/640.html,True
https://bafybeiebyhderavy5u55if3hvklcbf7sew7i6kjv7bc7xahrcpcb26iyzq.ipfs.cf-ipfs.com/,./raw_htmldom_data/641.html,True
https://cf-ipfs.com/ipfs/QmX5AgGATobBEaD4NTpaJoA5dFAGwmksEbEJaeceT5N9AT,./raw_htmldom_data/642.html,True
https://infura-ipfs.io/ipfs/QmX5AgGATobBEaD4NTpaJoA5dFAGwmksEbEJaeceT5N9AT,./raw_htmldom_data/643.html,True
https://bafybeia2mbwuawa2p2t4enjauvgl34i5zqmdtf35doasf6bqbh4s22qkt4.ipfs.cf-ipfs.com/,./raw_htmldom_data/644.html,True
https://cf-ipfs.com/ipfs/QmQ7cbB1H7RrfQLYMxZV6WontBKCJhynTwPwCCc7jinmRg,./raw_htmldom_data/645.html,True
https://ipfs.io/ipfs/QmX5AgGATobBEaD4NTpaJoA5dFAGwmksEbEJaeceT5N9AT,./raw_htmldom_data/646.html,True
https://infura-ipfs.io/ipfs/QmQR48nXxA571tasTKMVvhaZ1tW3rTZNk7mWmo7CvM948h,./raw_htmldom_data/647.html,True
https://bafybeia63axtipw2sd7xiw3bx6x4ecbvhmycukzqhplqjnijjgpricixri.ipfs.nftstorage.link/,./raw_htmldom_data/648.html,True
https://nftstorage.link/ipfs/QmQR48nXxA571tasTKMVvhaZ1tW3rTZNk7mWmo7CvM948h,./raw_htmldom_data/649.html,True
https://ipfs.io/ipfs/QmQR48nXxA571tasTKMVvhaZ1tW3rTZNk7mWmo7CvM948h,./raw_htmldom_data/650.html,True
https://ipfs.io/ipfs/QmQR48nXxA571tasTKMVvhaZ1tW3rTZNk7mWmo7CvM948h/,./raw_htmldom_data/651.html,True
https://cf-ipfs.com/ipfs/QmR6xK13w2oQLPVWXUYbNDTUVxvULZq7pmnHx98ADRds7Z/chameleon.html,./raw_htmldom_data/652.html,True
https://cloudflare-ipfs.com/ipfs/bafybeidhmejuvmlbnpjbuaaowhgjikkphuqbfph4utcq6k3mmejfatsiai,./raw_htmldom_data/653.html,True
https://cloudflare-ipfs.com/ipfs/bafybeigbjooormbr2lj6sot5jyqv4dbgkefokus4752fsmrvbrylpgzsiy,./raw_htmldom_data/654.html,True
https://ipfs.io/ipfs/bafybeigbjooormbr2lj6sot5jyqv4dbgkefokus4752fsmrvbrylpgzsiy,./raw_htmldom_data/655.html,True
https://bafybeigbjooormbr2lj6sot5jyqv4dbgkefokus4752fsmrvbrylpgzsiy.ipfs.nftstorage.link,./raw_htmldom_data/656.html,True
https://bafybeigbjooormbr2lj6sot5jyqv4dbgkefokus4752fsmrvbrylpgzsiy.ipfs.infura-ipfs.io,./raw_htmldom_data/657.html,True
https://bafybeigbjooormbr2lj6sot5jyqv4dbgkefokus4752fsmrvbrylpgzsiy.ipfs.dweb.link/,./raw_htmldom_data/658.html,True
https://gateway.ipfs.io/ipfs/bafybeigbjooormbr2lj6sot5jyqv4dbgkefokus4752fsmrvbrylpgzsiy,./raw_htmldom_data/659.html,True
https://bafybeigbjooormbr2lj6sot5jyqv4dbgkefokus4752fsmrvbrylpgzsiy.ipfs.cf-ipfs.com,./raw_htmldom_data/660.html,True
https://bafybeidhmejuvmlbnpjbuaaowhgjikkphuqbfph4utcq6k3mmejfatsiai.ipfs.infura-ipfs.io,./raw_htmldom_data/661.html,True
https://gateway.ipfs.io/ipfs/bafybeidhmejuvmlbnpjbuaaowhgjikkphuqbfph4utcq6k3mmejfatsiai,./raw_htmldom_data/662.html,True
https://bafybeidhmejuvmlbnpjbuaaowhgjikkphuqbfph4utcq6k3mmejfatsiai.ipfs.nftstorage.link,./raw_htmldom_data/663.html,True
https://ipfs.io/ipfs/bafybeidhmejuvmlbnpjbuaaowhgjikkphuqbfph4utcq6k3mmejfatsiai,./raw_htmldom_data/664.html,True
https://bafybeidhmejuvmlbnpjbuaaowhgjikkphuqbfph4utcq6k3mmejfatsiai.ipfs.cf-ipfs.com,./raw_htmldom_data/665.html,True
https://ipfs.eth.aragon.network/ipfs/bafybeia2mbwuawa2p2t4enjauvgl34i5zqmdtf35doasf6bqbh4s22qkt4/dealsdelegated.html,./raw_htmldom_data/666.html,True
https://ipfs.eth.aragon.network/ipfs/bafybeig2uvmhekc7iez5qvir7tigwu5mrair5od7sh6siroq7w3hmhqfra/ease.html,./raw_htmldom_data/667.html,True
https://cloudflare-ipfs.com/ipfs/bafybeigdvx6dt2uz7hlswzo774k4r3kd2w7jeaucdziiuwxvueizf4tqwe/CHAMELEONk.html,./raw_htmldom_data/668.html,True
https://ipfs.eth.aragon.network/ipfs/bafybeigdvx6dt2uz7hlswzo774k4r3kd2w7jeaucdziiuwxvueizf4tqwe/CHAMELEONk.html,./raw_htmldom_data/669.html,True
https://ipfs.io/ipfs/bafybeib5fb6mymoky4773mxnchwcbibvb6htbxizea4ssiov5343ohunji,./raw_htmldom_data/670.html,True
https://ipfs.io/ipfs/bafybeib5fb6mymoky4773mxnchwcbibvb6htbxizea4ssiov5343ohunji/,./raw_htmldom_data/671.html,True
https://bafybeigdvx6dt2uz7hlswzo774k4r3kd2w7jeaucdziiuwxvueizf4tqwe.ipfs.cf-ipfs.com/CHAMELEONk.html,./raw_htmldom_data/672.html,True
https://ipfs.eth.aragon.network/ipfs/bafybeidayz2vq4f7hx7afstczwabuhpx5qnwi2doj75a2v5nauttnmb72y/CHAMELEONdmailzzz.html,./raw_htmldom_data/673.html,True
https://bafybeiebyhderavy5u55if3hvklcbf7sew7i6kjv7bc7xahrcpcb26iyzq.ipfs.infura-ipfs.io,./raw_htmldom_data/674.html,True
https://cloudflare-ipfs.com/ipfs/bafybeiebyhderavy5u55if3hvklcbf7sew7i6kjv7bc7xahrcpcb26iyzq,./raw_htmldom_data/675.html,True
https://bafybeiby25eqvstp654gtfesyu7i2zttf33kjdza2gv24sxq6e7gsnc3au.ipfs.dweb.link/,./raw_htmldom_data/676.html,True
https://bafybeiby25eqvstp654gtfesyu7i2zttf33kjdza2gv24sxq6e7gsnc3au.ipfs.nftstorage.link,./raw_htmldom_data/677.html,True
https://gateway.ipfs.io/ipfs/bafybeib5fb6mymoky4773mxnchwcbibvb6htbxizea4ssiov5343ohunji,./raw_htmldom_data/678.html,True
https://gateway.ipfs.io/ipfs/bafybeib5fb6mymoky4773mxnchwcbibvb6htbxizea4ssiov5343ohunji/,./raw_htmldom_data/679.html,True
https://bafybeib5fb6mymoky4773mxnchwcbibvb6htbxizea4ssiov5343ohunji.ipfs.infura-ipfs.io,./raw_htmldom_data/680.html,True
https://bafybeib5fb6mymoky4773mxnchwcbibvb6htbxizea4ssiov5343ohunji.ipfs.dweb.link/,./raw_htmldom_data/681.html,True
https://bafybeib5fb6mymoky4773mxnchwcbibvb6htbxizea4ssiov5343ohunji.ipfs.nftstorage.link,./raw_htmldom_data/682.html,True
https://cloudflare-ipfs.com/ipfs/bafybeia2mbwuawa2p2t4enjauvgl34i5zqmdtf35doasf6bqbh4s22qkt4/dealsdelegated.html,./raw_htmldom_data/683.html,True
https://ipfs.io/ipfs/bafybeia63axtipw2sd7xiw3bx6x4ecbvhmycukzqhplqjnijjgpricixri/,./raw_htmldom_data/684.html,True
https://ipfs.io/ipfs/bafybeia63axtipw2sd7xiw3bx6x4ecbvhmycukzqhplqjnijjgpricixri,./raw_htmldom_data/685.html,True
https://bafkreiaakbdyio5gpbe47ydz75qkl2ugfqigxpfotvuvjmhpozvg35wvti.ipfs.nftstorage.link,./raw_htmldom_data/686.html,True
https://bafybeiebyhderavy5u55if3hvklcbf7sew7i6kjv7bc7xahrcpcb26iyzq.ipfs.nftstorage.link,./raw_htmldom_data/687.html,True
https://bafybeiebyhderavy5u55if3hvklcbf7sew7i6kjv7bc7xahrcpcb26iyzq.ipfs.cf-ipfs.com,./raw_htmldom_data/688.html,True
https://cloudflare-ipfs.com/ipfs/bafybeia63axtipw2sd7xiw3bx6x4ecbvhmycukzqhplqjnijjgpricixri/,./raw_htmldom_data/689.html,True
https://cloudflare-ipfs.com/ipfs/bafybeia63axtipw2sd7xiw3bx6x4ecbvhmycukzqhplqjnijjgpricixri,./raw_htmldom_data/690.html,True
https://bafybeiebyhderavy5u55if3hvklcbf7sew7i6kjv7bc7xahrcpcb26iyzq.ipfs.dweb.link/,./raw_htmldom_data/691.html,True
https://gateway.ipfs.io/ipfs/bafybeiebyhderavy5u55if3hvklcbf7sew7i6kjv7bc7xahrcpcb26iyzq,./raw_htmldom_data/692.html,True
https://bafybeia63axtipw2sd7xiw3bx6x4ecbvhmycukzqhplqjnijjgpricixri.ipfs.cf-ipfs.com,./raw_htmldom_data/693.html,True
https://cloudflare-ipfs.com/ipfs/bafybeibjcdkotb6kcyu3btu6jvt7qscn7mswju3ux52vnldgisomy4ve4q/chameleon.html,./raw_htmldom_data/694.html,True
https://ipfs.io/ipfs/bafybeiebyhderavy5u55if3hvklcbf7sew7i6kjv7bc7xahrcpcb26iyzq,./raw_htmldom_data/695.html,True
https://gateway.ipfs.io/ipfs/bafybeia63axtipw2sd7xiw3bx6x4ecbvhmycukzqhplqjnijjgpricixri/,./raw_htmldom_data/696.html,True
https://gateway.ipfs.io/ipfs/bafybeia63axtipw2sd7xiw3bx6x4ecbvhmycukzqhplqjnijjgpricixri,./raw_htmldom_data/697.html,True
https://bafybeia63axtipw2sd7xiw3bx6x4ecbvhmycukzqhplqjnijjgpricixri.ipfs.infura-ipfs.io,./raw_htmldom_data/698.html,True
https://ipfs.eth.aragon.network/ipfs/bafybeibjcdkotb6kcyu3btu6jvt7qscn7mswju3ux52vnldgisomy4ve4q/chameleon.html,./raw_htmldom_data/699.html,True
https://bafybeia63axtipw2sd7xiw3bx6x4ecbvhmycukzqhplqjnijjgpricixri.ipfs.dweb.link/,./raw_htmldom_data/700.html,True
https://bafybeia63axtipw2sd7xiw3bx6x4ecbvhmycukzqhplqjnijjgpricixri.ipfs.nftstorage.link,./raw_htmldom_data/701.html,True
https://bafybeibjcdkotb6kcyu3btu6jvt7qscn7mswju3ux52vnldgisomy4ve4q.ipfs.cf-ipfs.com/chameleon.html,./raw_htmldom_data/702.html,True
https://bafybeidhmejuvmlbnpjbuaaowhgjikkphuqbfph4utcq6k3mmejfatsiai.ipfs.dweb.link/,./raw_htmldom_data/703.html,True
https://nftstorage.link/ipfs/QmVJCZDoW8RTVg1mrjv2fzBdtsVgRYTqcPJfqef9KK5Wuf,./raw_htmldom_data/704.html,True
https://bafybeidhmejuvmlbnpjbuaaowhgjikkphuqbfph4utcq6k3mmejfatsiai.ipfs.cf-ipfs.com/,./raw_htmldom_data/705.html,True
https://cf-ipfs.com/ipfs/QmVJCZDoW8RTVg1mrjv2fzBdtsVgRYTqcPJfqef9KK5Wuf,./raw_htmldom_data/706.html,True
https://infura-ipfs.io/ipfs/QmVJCZDoW8RTVg1mrjv2fzBdtsVgRYTqcPJfqef9KK5Wuf,./raw_htmldom_data/707.html,True
https://bafkreiafs2xyjjs33r7mga7tcbqekwxcp6mo43d7vbnoh7vosgh5oi236q.ipfs.infura-ipfs.io,./raw_htmldom_data/708.html,True
https://ipfs.io/ipfs/QmVJCZDoW8RTVg1mrjv2fzBdtsVgRYTqcPJfqef9KK5Wuf,./raw_htmldom_data/709.html,True
https://cloudflare-ipfs.com/ipfs/bafkreiaakbdyio5gpbe47ydz75qkl2ugfqigxpfotvuvjmhpozvg35wvti,./raw_htmldom_data/710.html,True
https://bafkreiaakbdyio5gpbe47ydz75qkl2ugfqigxpfotvuvjmhpozvg35wvti.ipfs.infura-ipfs.io,./raw_htmldom_data/711.html,True
https://bafkreiafs2xyjjs33r7mga7tcbqekwxcp6mo43d7vbnoh7vosgh5oi236q.ipfs.cf-ipfs.com,./raw_htmldom_data/712.html,True
https://cloudflare-ipfs.com/ipfs/bafkreiafs2xyjjs33r7mga7tcbqekwxcp6mo43d7vbnoh7vosgh5oi236q,./raw_htmldom_data/713.html,True
https://ipfs.eth.aragon.network/ipfs/bafkreiafs2xyjjs33r7mga7tcbqekwxcp6mo43d7vbnoh7vosgh5oi236q,./raw_htmldom_data/714.html,True
https://bafkreiafs2xyjjs33r7mga7tcbqekwxcp6mo43d7vbnoh7vosgh5oi236q.ipfs.dweb.link/,./raw_htmldom_data/715.html,True
https://gateway.ipfs.io/ipfs/bafkreiafs2xyjjs33r7mga7tcbqekwxcp6mo43d7vbnoh7vosgh5oi236q,./raw_htmldom_data/716.html,True
https://bafkreiafs2xyjjs33r7mga7tcbqekwxcp6mo43d7vbnoh7vosgh5oi236q.ipfs.nftstorage.link,./raw_htmldom_data/717.html,True
https://ipfs.io/ipfs/bafkreiafs2xyjjs33r7mga7tcbqekwxcp6mo43d7vbnoh7vosgh5oi236q,./raw_htmldom_data/718.html,True
https://ipfs.eth.aragon.network/ipfs/bafkreiaakbdyio5gpbe47ydz75qkl2ugfqigxpfotvuvjmhpozvg35wvti,./raw_htmldom_data/719.html,True
https://gateway.ipfs.io/ipfs/bafkreiaakbdyio5gpbe47ydz75qkl2ugfqigxpfotvuvjmhpozvg35wvti,./raw_htmldom_data/720.html,True
https://bafkreiaakbdyio5gpbe47ydz75qkl2ugfqigxpfotvuvjmhpozvg35wvti.ipfs.dweb.link/,./raw_htmldom_data/721.html,True
https://bafkreiaakbdyio5gpbe47ydz75qkl2ugfqigxpfotvuvjmhpozvg35wvti.ipfs.cf-ipfs.com,./raw_htmldom_data/722.html,True
https://ipfs.io/ipfs/bafkreiaakbdyio5gpbe47ydz75qkl2ugfqigxpfotvuvjmhpozvg35wvti,./raw_htmldom_data/723.html,True
https://nezalivaymne.art/wp-content/bob/index.php,./raw_htmldom_data/724.html,True
https://pub-8bd4b7a372ed4692809d8f4e6da25681.r2.dev/wetransfers.html?cjdata=MXxOfDB8WXww&CMP=afc_m_p_cj_na_ot_2022_99&SID=&cjevent=86e743fd76b811ee83ea01370a18b8f7&vendorid=CJM&PID=6361382&AID=15020510,./raw_htmldom_data/725.html,True
https://adobe-com-docx.com/,./raw_htmldom_data/726.html,True
http://elhamsourcing.com/Webmail/webmail.php,./raw_htmldom_data/727.html,True
https://docs.google.com/presentation/d/e/2PACX-1vST6azA4no3rrBHlOlOa1cA6abBHhQkf-UR28XI5W-OJa8ztQ_fM8Et6rFxq2v6zD-SnZDMtA8Hgz7I/pub?start=false&amp;loop=false&amp;delayms=3000,./raw_htmldom_data/728.html,True
https://pub-f685a53ed64940ddbeb41ecbeb72e946.r2.dev/qwerty.html,./raw_htmldom_data/729.html,True
https://pub-b8adf7022beb4a90a980e900c471b626.r2.dev/Monotomic.html?websrc=EpRpKLMAgdv6bu5Tk1YFB1Bj5EU4EHKIu9LCRQ8lhZyumUEGPR36cdY0UaVKSGZAESjGSxiHyIq8ZNYQOCOEUwOYXYcGFIs4FlNEBrOSmsaym5Wp9zhcNzPmXXv7pzLc3nqGYeuWXihbsU5N6CwY9gGHwwaJaTBbCennHvtQ5nSTqN6aUFWotKdo9ytpXduy6npTJXGiZ2snRWkvfP9iGir8OtTN7wQcbt3mnOGm2Mq2evW7kORArLNtFJB4UimOcgfHcXP3t5nT1lXCnz29HfyuC1yakgoVsk40B7BhJKCYWe&dis=&websrc=EpRpKLMAgdv6bu5Tk1YFB1Bj5EU4EHKIu9LCRQ8lhZyumUEGPR36cdY0UaVKSGZAESjGSxiHyIq8ZNYQOCOEUwOYXYcGFIs4FlNEBrOSmsaym5Wp9zhcNzPmXXv7pzLc3nqGYeuWXihbsU5N6CwY9gGHwwaJaTBbCennHvtQ5nSTqN6aUFWotKdo9ytpXduy6npTJXGiZ2snRWkvfP9iGir8OtTN7wQcbt3mnOGm2Mq2evW7kORArLNtFJB4UimOcgfHcXP3t5nT1lXCnz29HfyuC1yakgoVsk40B7BhJKCYWe&dispatch=901&id=300390,./raw_htmldom_data/730.html,True
https://eatzapizza.in/founder/domain.html,./raw_htmldom_data/731.html,True
http://ch08397.tw1.ru/0225D/05DA/dhlnew/locatar/home.php?newtoken=,./raw_htmldom_data/732.html,True
https://new.express.adobe.com/webpage/QmFpexcEA36WJ,./raw_htmldom_data/733.html,True
https://subsyncsupports.pages.dev/,./raw_htmldom_data/734.html,True
https://dondugoat.com/m2msn.office.edu/365Validation/index.php/,./raw_htmldom_data/735.html,True
https://pub-4b4b87806bd142a283b1a7f4b7027213.r2.dev/sharepoint.html,./raw_htmldom_data/736.html,True
https://pub-b42cbeb9255843a0a55476d1e5d53397.r2.dev/index.html,./raw_htmldom_data/737.html,True
https://worldfoodsafety-8gd.pages.dev/,./raw_htmldom_data/738.html,True
https://tapanilanhoylaamo.fi/uccindustriesinternationalincuccindustriesinternationalinc/,./raw_htmldom_data/739.html,True
https://adobe-15o.pages.dev/,./raw_htmldom_data/740.html,True
https://5-9kk.pages.dev/,./raw_htmldom_data/741.html,True
https://4-53n.pages.dev/,./raw_htmldom_data/742.html,True
https://2-em7.pages.dev/,./raw_htmldom_data/743.html,True
https://vesirarsgouv.ydns.eu/,./raw_htmldom_data/744.html,True
https://pub-614415e1cdd8477c8e464cfef08aa568.r2.dev/owa-web.html,./raw_htmldom_data/745.html,True
https://pub-36f075228b5e4c7e8dc7b16a89adccce.r2.dev/B-owa-web-app.html,./raw_htmldom_data/746.html,True
https://rough-bonus-3cda.charles-ourtime.workers.dev/,./raw_htmldom_data/747.html,True
https://greengold.co.uk/ddcm/,./raw_htmldom_data/748.html,True
https://pub-d45ea62bd92f4e5cb111f25a2dc0f36b.r2.dev/index.html,./raw_htmldom_data/749.html,True
https://pub-cd18447ae7fc44a283955e5c78d52c85.r2.dev/index.html,./raw_htmldom_data/750.html,True
https://meta-restore.pages.dev/,./raw_htmldom_data/751.html,True
https://pub-fbd8c4daf65d433d8358cefcc9c97b9f.r2.dev/allmoneyin.html,./raw_htmldom_data/752.html,True
https://pub-3c7a3723e2024fe7b31ef3e8700769df.r2.dev/mydfhvf.html,./raw_htmldom_data/753.html,True
http://srv202432.hoster-test.ru/vn/index.php,./raw_htmldom_data/754.html,True
https://092hw73hw82hs77aa76h822a3w7s3hsjs3w251718haha.pages.dev/,./raw_htmldom_data/755.html,True
https://pearldozen.com/nc_assets/fonts/rtu/shkk.php,./raw_htmldom_data/756.html,True
http://paypelhtmlwebset.000webhostapp.com/,./raw_htmldom_data/757.html,True
https://jadloghig.com.br/wp-images/content/Security_on_your_card_account.html,./raw_htmldom_data/758.html,True
http://yz-usps.shop/,./raw_htmldom_data/759.html,True
http://outlook.live.liveblog365.com/,./raw_htmldom_data/760.html,True
https://hexaxis.ru/blog/hi/,./raw_htmldom_data/761.html,True
https://newx.pages.dev/,./raw_htmldom_data/762.html,True
http://security-bm801496.1548796security.com/home,./raw_htmldom_data/763.html,True
http://security-bm534611.1548796security.com/home,./raw_htmldom_data/764.html,True
http://43.153.104.65/,./raw_htmldom_data/765.html,True
https://164-92-88-229.cprapid.com/dpd/update.php,./raw_htmldom_data/766.html,True
https://storage.googleapis.com/bbss-urltest-public/Docomo_20210910_02.html,./raw_htmldom_data/767.html,True
https://lieferung.neu.planen.20-208-130-103.cprapid.com/paket/update.php,./raw_htmldom_data/768.html,True
https://worker-aged-silence-5423.sfarrell.workers.dev/dealsdelegated.html/html/,./raw_htmldom_data/769.html,True
https://efses.acwcalgarydiocese.com/tracking/fV5EjH/msg.php?id=67595503,./raw_htmldom_data/770.html,True
https://pocketcard1.duckdns.org/,./raw_htmldom_data/771.html,True
https://pub-fa119be9fdb643ac855d936aaef6c339.r2.dev/dob.html,./raw_htmldom_data/772.html,True
https://facepuncgtwitchdropwz.skin/ww,./raw_htmldom_data/773.html,True
https://ups-program-packges.top/,./raw_htmldom_data/774.html,True
https://update-your-info.pages.dev/,./raw_htmldom_data/775.html,True
https://snd.faqserv.com/pay_ARMXAN/,./raw_htmldom_data/776.html,True
https://pub-76f246b496a948758e6529f0f14f48da.r2.dev/on365APPiNDhmLTBlN4ZGFjZauthenticatorAPPQ1NwBGAAACULUoAUTHHbMf4RI4f.html,./raw_htmldom_data/777.html,True
https://panda-marine.com/,./raw_htmldom_data/778.html,True
https://ebn.faqserv.com/pay/,./raw_htmldom_data/779.html,True
https://d0ocs-ow-9c42.nganarxnksoroo.workers.dev/4d2e7db2-33a8-4798-820c-e455806fc0df,./raw_htmldom_data/780.html,True
https://conto-intesa-sanpaolo.167-71-161-170.cprapid.com/,./raw_htmldom_data/781.html,True
https://confident-aryabhata.194-169-175-223.plesk.page/,./raw_htmldom_data/782.html,True
http://uspspop.com/,./raw_htmldom_data/783.html,True
https://moto-petarda.pl/authorize.php,./raw_htmldom_data/784.html,True
https://mieszkania-wisniewski.pl/authorize.php,./raw_htmldom_data/785.html,True
https://mieszkania-lembarek.pl/authorize.php,./raw_htmldom_data/786.html,True
https://autokomis-molenda.pl/authorize.php,./raw_htmldom_data/787.html,True
https://autokomis-gorczynski.pl/authorize.php,./raw_htmldom_data/788.html,True
https://autogielda-molenda.pl/authorize.php,./raw_htmldom_data/789.html,True
https://autogielda-gorczynski.pl/authorize.php,./raw_htmldom_data/790.html,True
https://auto-speedsell.pl/authorize.php,./raw_htmldom_data/791.html,True
https://auto-dealscentral.pl/authorize.php,./raw_htmldom_data/792.html,True
https://auto-deal.net.pl/authorize.php,./raw_htmldom_data/793.html,True
https://auto-carsoutlet.pl/authorize.php,./raw_htmldom_data/794.html,True
https://auta-marek.pl/authorize.php,./raw_htmldom_data/795.html,True
https://auta-karol.pl/authorize.php,./raw_htmldom_data/796.html,True
https://auta-franek.pl/authorize.php,./raw_htmldom_data/797.html,True
https://auta-arek.pl/authorize.php,./raw_htmldom_data/798.html,True
https://uspxim.top/go/TrackConfirmAction,./raw_htmldom_data/799.html,True
https://uspsvtaa.com/go/TrackConfirmAction,./raw_htmldom_data/800.html,True
https://uspsttouu.com/go/TrackConfirmAction,./raw_htmldom_data/801.html,True
https://uspserff.com/go/TrackConfirmAction,./raw_htmldom_data/802.html,True
https://uspseddyy.com/go/TrackConfirmAction,./raw_htmldom_data/803.html,True
https://usps.whpackege.top/go/TrackConfirmAction,./raw_htmldom_data/804.html,True
https://usps.rpostei.top/go/TrackConfirmAction,./raw_htmldom_data/805.html,True
https://usmutc.com/go/TrackConfirmAction,./raw_htmldom_data/806.html,True
https://pzl.wev.mybluehost.me/wp-content/service/up/?utm_source=shadys-newsletter-415a72.beehiiv.com&utm_medium=newsletter&utm_campaign=new-post,./raw_htmldom_data/807.html,True
https://mail0fficservi.wpenginepowered.com/wp-content/submit/USPS/index.php,./raw_htmldom_data/808.html,True
https://cp-postoffice.com/go/TrackConfirmAction,./raw_htmldom_data/809.html,True
http://uodpatessqhjkq.com/index0.php,./raw_htmldom_data/810.html,True
https://xs-usps.com/,./raw_htmldom_data/811.html,True
https://xc-usps.com/,./raw_htmldom_data/812.html,True
https://uszshosn.top/,./raw_htmldom_data/813.html,True
https://ustpsqln.top/,./raw_htmldom_data/814.html,True
https://uspsww.vip/,./raw_htmldom_data/815.html,True
https://uspsuu.vip/,./raw_htmldom_data/816.html,True
https://uspsqpza.com/,./raw_htmldom_data/817.html,True
https://uspsmm.cc/,./raw_htmldom_data/818.html,True
https://usps.uspsccc.com/,./raw_htmldom_data/819.html,True
https://usps.com.uspxz.shop/,./raw_htmldom_data/820.html,True
https://usps.com-packagesa.top/,./raw_htmldom_data/821.html,True
https://ubspsp.xyz/,./raw_htmldom_data/822.html,True
https://u-sps.co/,./raw_htmldom_data/823.html,True
http://teleqrean.vip/,./raw_htmldom_data/824.html,True
http://teleqrean.club/,./raw_htmldom_data/825.html,True
http://teleqrean.cc/,./raw_htmldom_data/826.html,True
http://teleiiream.club/,./raw_htmldom_data/827.html,True
http://telegroem.work/,./raw_htmldom_data/828.html,True
http://telegroem.fit/,./raw_htmldom_data/829.html,True
http://telegroem.club/,./raw_htmldom_data/830.html,True
https://digivationnetwork.com/mail.amserver.jp/UI/Login/,./raw_htmldom_data/831.html,True
https://pub-3f3aeb1b7c814d3495550e2867c857d7.r2.dev/script.html,./raw_htmldom_data/832.html,True
https://pub-19cde413016941678586135f0b7e5b0c.r2.dev/brax.html,./raw_htmldom_data/833.html,True
https://pub-2457f20036164adab0a236ae0cde9fa5.r2.dev/e.html,./raw_htmldom_data/834.html,True
https://objectstorage.ap-tokyo-1.oraclecloud.com/n/hmsipaas/b/bucket-20221028-1146/o/bigrulesserver%20(1).html,./raw_htmldom_data/835.html,True
https://pub-3c27f2683b0a4142a9b5e5c90cddddb7.r2.dev/link2.html,./raw_htmldom_data/836.html,True
https://ditty.us-southeast-1.linodeobjects.com/link.html,./raw_htmldom_data/837.html,True
https://ez-host-helmitonfilho686948.codeanyapp.com/,./raw_htmldom_data/838.html,True
https://www.postbank.stornier-auftrag.com/,./raw_htmldom_data/839.html,True
https://cpcontacts.mobilcertifikatet.com/,./raw_htmldom_data/840.html,True
https://cpcalendars.secure-mobileupdate.com/,./raw_htmldom_data/841.html,True
https://cpcalendars.mobilcertifikatet.com/,./raw_htmldom_data/842.html,True
https://aib-verify-onlineinfo2.com/,./raw_htmldom_data/843.html,True
https://docs.google.com/document/d/1nl0wJ8nEEJJmJ99qp7LP706w0O2TfmW1LEMBqUYPz48/edit?disco=AAAA8VwqBpc&amp;usp=comment_email_discussion&amp;ts=653ff3ca&amp;usp_dm=false,./raw_htmldom_data/844.html,True
https://interiapl-104828.weeblysite.com/,./raw_htmldom_data/845.html,True
https://att-106820-109969.weeblysite.com/,./raw_htmldom_data/846.html,True
https://bellsouth-106860.weeblysite.com/,./raw_htmldom_data/847.html,True
https://wttwa.weeblysite.com/,./raw_htmldom_data/848.html,True
https://att-107332-104583.weeblysite.com/,./raw_htmldom_data/849.html,True
https://xfinitycomcastl-108423.weeblysite.com/,./raw_htmldom_data/850.html,True
https://new.express.adobe.com/webpage/UDBLrt2kq7oZY,./raw_htmldom_data/851.html,True
http://charity-helpcenter-dl.rf.gd/4,./raw_htmldom_data/852.html,True
http://kankitto.com/help/,./raw_htmldom_data/853.html,True
http://kankitto.com,./raw_htmldom_data/854.html,True
http://support.908655756.kankitto.com/help/,./raw_htmldom_data/855.html,True
http://support.908655756.kankitto.com/,./raw_htmldom_data/856.html,True
https://elite-blossom-rooster.glitch.me/arise.html,./raw_htmldom_data/857.html,True
https://windstreamoffic.weebly.com/,./raw_htmldom_data/858.html,True
https://pub-990fbc924d8e42ac8531db56cb6c34c0.r2.dev/rqfshared.html,./raw_htmldom_data/859.html,True
https://nsz.pages.dev/,./raw_htmldom_data/860.html,True
https://pub-722720be67154192a1102b2cf085d306.r2.dev/ask1.html#aaaa@example.jp,./raw_htmldom_data/861.html,True
https://kithirabiz.com/CmUwgRq/EarthcoreFixed/?uid=aaaa@example.jp,./raw_htmldom_data/862.html,True
https://marinhoassessoria.com/wp-admin/gt/,./raw_htmldom_data/863.html,True
https://gtefniancail.top/,./raw_htmldom_data/864.html,True
http://unbouncepages.com/attmailupdate5342-7241-11ee-bc2d-024230a8eb23/,./raw_htmldom_data/865.html,True
https://ez-host-helmitonfilho686948.codeanyapp.com,./raw_htmldom_data/866.html,True
https://docs.google.com/presentation/d/e/2PACX-1vSNUt89IPeKwrpIheKXPEHDwrcOs0BMr3uKJslAUeBkPl7OirWeFMkvNgyE9MXGG32op5X70Mfe_myy/pub?start=false&amp;loop=false&amp;delayms=3000,./raw_htmldom_data/867.html,True
https://bco.provincia.identity-sesion.online/,./raw_htmldom_data/868.html,True
https://shorturl.at/hyR17,./raw_htmldom_data/869.html,True
https://shorturl.at/CGRY2,./raw_htmldom_data/870.html,True
https://att-106747-101594.weeblysite.com/,./raw_htmldom_data/871.html,True
https://shorturl.at/aQRS5,./raw_htmldom_data/872.html,True
https://beacons.ai/currentlyatt,./raw_htmldom_data/873.html,True
https://debixusersixgroupapp.sviluppo.host/debiX-App/debiX-login/,./raw_htmldom_data/874.html,True
https://ipfs.io/ipfs/QmfNjwRXCvhH9xfX6ik4bhSs7nCwPpLs69qv1qcc8FFMNt?filename=camellionianlsation-12.html#email@address.com,./raw_htmldom_data/875.html,True
https://docs.google.com/presentation/d/e/2PACX-1vSP3oHTYZFaHECc1Ul3Ib5yO3P3vbM5GbhF_m7sw5VDaYaaG8gTHfx-X1xoqs9bPcRo4Hyx1-uzqWcD/pub?start=false&amp;loop=false&amp;delayms=3000,./raw_htmldom_data/876.html,True
https://ipfs.io/ipfs/QmfNjwRXCvhH9xfX6ik4bhSs7nCwPpLs69qv1qcc8FFMNt?filename=camellionianlsation-12.html,./raw_htmldom_data/877.html,True
https://docs.google.com/presentation/d/e/2PACX-1vT4sKpKuK4mCyeTQ3leGs1lRjYn0Yr_H3UjVnhtSG8khdcbfxg0pJS3YbVLXzRMZkAIlA6kloZcPEwv/pub?start=true&loop=true&delayms=3000&slide=id.p%3E,./raw_htmldom_data/878.html,True
https://gheg.com.au/,./raw_htmldom_data/879.html,True
https://landing.server4testing.com/DWN/suivi/,./raw_htmldom_data/880.html,True
https://metacase-a829f.vercel.app/,./raw_htmldom_data/881.html,True
https://attcurrtserver23.weeblysite.com/,./raw_htmldom_data/882.html,True
https://goodmorning64.godaddysites.com/,./raw_htmldom_data/883.html,True
https://mailo7834.godaddysites.com/,./raw_htmldom_data/884.html,True
https://deattmailer.weebly.com/,./raw_htmldom_data/885.html,True
https://btconnectrjtjtjr.weebly.com/,./raw_htmldom_data/886.html,True
https://renouveau41.weebly.com/,./raw_htmldom_data/887.html,True
https://au-bigpond.weebly.com/,./raw_htmldom_data/888.html,True
https://njfnjnrtjmj.weebly.com/,./raw_htmldom_data/889.html,True
https://web11921.web09.bero-webspace.de/,./raw_htmldom_data/890.html,True
https://iconplnupdateaccount.brizy.site/,./raw_htmldom_data/891.html,True
https://pub-796f76b5c7b74957b18029807fe7c78e.r2.dev/ovva.html,./raw_htmldom_data/892.html,True
https://pub-b07c1327977742d6996623b5c2d28394.r2.dev/seerverdata.html,./raw_htmldom_data/893.html,True
https://zh-tw-facebook.3058864085.com/,./raw_htmldom_data/894.html,True
https://currentlysupportteam.weebly.com/,./raw_htmldom_data/895.html,True
https://delicate-evening-increase.glitch.me/secsermonlongway.htm,./raw_htmldom_data/896.html,True
https://gtefniacial.top/,./raw_htmldom_data/897.html,True
https://newattmail43232.weebly.com/,./raw_htmldom_data/898.html,True
http://business.3or5.es/help/contact/,./raw_htmldom_data/899.html,True
http://business.3or5.es/,./raw_htmldom_data/900.html,True
https://sites.google.com/view/currently-update1030/update,./raw_htmldom_data/901.html,True
https://princebayzid.com/,./raw_htmldom_data/902.html,True
http://3or5.es/,./raw_htmldom_data/903.html,True
http://help2.3or5.es/help/contact/vvsf32,./raw_htmldom_data/904.html,True
http://help2.3or5.es/,./raw_htmldom_data/905.html,True
https://hotm.art/redirigiendoalenlace,./raw_htmldom_data/906.html,True
https://new.express.adobe.com/webpage/iKOLAl69z74kY,./raw_htmldom_data/907.html,True
https://new.express.adobe.com/webpage/N3E9DySHMFBu5,./raw_htmldom_data/908.html,True
https://new.express.adobe.com/webpage/6ncqTboKwaFgD,./raw_htmldom_data/909.html,True
https://new.express.adobe.com/webpage/3LrN8mESsU5nO,./raw_htmldom_data/910.html,True
https://t5d38qapvejn4gk.qhwpnuhstt.ru/z2vfc/,./raw_htmldom_data/911.html,True
https://_wildcard_.conexaosolarintelbras.com.br/wwwrutlandconsultancycouk/z65znq8tq5pavqz2ladi6vq5.php?secure,./raw_htmldom_data/912.html,True
https://www.galiciacgu.com.ar/cgu,./raw_htmldom_data/913.html,True
https://mesfrauth.dvrlists.com/cb61d6e8dd70f76af498/infospage.php,./raw_htmldom_data/914.html,True
https://ipfs.io/ipfs/QmdCYQKL4JyF6zt1RtTXfN1QxV1mWJhdJT9ZvwB28ofJxh/continue.html#redacted@abuse.ionos.com,./raw_htmldom_data/915.html,True
https://docs.google.com/presentation/d/e/2PACX-1vQSFkzHPfIqJ7212i4td3WkvBiA90bNcJEjtqt8TH2liD5N69EtKMogQAYOyoxcqizgZ9gsYt-1W_K9/pub?start=false&amp;loop=false&amp;delayms=3000,./raw_htmldom_data/916.html,True
https://magiclinefilms.com/wsqawsd/app/login.php,./raw_htmldom_data/917.html,True
https://magiclinefilms.com/getedag/app/login.php,./raw_htmldom_data/918.html,True
https://script.google.com/macros/s/AKfycbzXbz6FnOZyMxdOZ8rJGy7TS2uF2V_5L6tIccR3uaItN08jZE5WVn1fYVjVg36woQj3/exec?=dhob68q8,./raw_htmldom_data/919.html,True
https://docs.google.com/presentation/d/e/2PACX-1vQEzcPY5_Z7bE8PVYtZbscP-enK3xkt7xubRQ-BxGsPdhpumdrFuJOXKk2TdkC4Aces22u5ZoC4V_J7/pub?start=false&amp;loop=false&amp;delayms=3000,./raw_htmldom_data/920.html,True
https://mas-vog.net/online/,./raw_htmldom_data/921.html,True
https://magiclinefilms.com/cfw/app/login.php,./raw_htmldom_data/922.html,True
https://voice-attmail-secure.pory.app/,./raw_htmldom_data/923.html,True
https://sites.google.com/view/currently-update2910/update,./raw_htmldom_data/924.html,True
https://sites.google.com/view/currently-update2710/update,./raw_htmldom_data/925.html,True
https://shorturl.at/hxFI1,./raw_htmldom_data/926.html,True
https://secure-attmail-link.pory.app/,./raw_htmldom_data/927.html,True
https://new.express.adobe.com/webpage/Z7aKe3GFprzEA,./raw_htmldom_data/928.html,True
https://new.express.adobe.com/webpage/itbKzsjER3xDU,./raw_htmldom_data/929.html,True
https://docs.google.com/presentation/d/e/2PACX-1vRKKw4fSqIWF5oPXmSCIomAhKp4U5Ub18kV1G3rssN1Mcqx8PFAMTWpxDsdFsvwgSwTJNY0uAmYFxFC/pub?start=false&amp;loop=false&amp;delayms=3000&amp;slide=id.p,./raw_htmldom_data/930.html,True
https://docs.google.com/presentation/d/e/2PACX-1vSMq8X_R_w-qNqUOaWeyf-KDp2zoGB2pEVzWjR-GJTBnd-N-zKAU6_tdpuNiQpFfOzJ4Bq9JFe-YcP6/pub?start=false&amp;loop=false&amp;delayms=3000,./raw_htmldom_data/931.html,True
https://customersservre17.wixsite.com/my-site,./raw_htmldom_data/932.html,True
https://www.victoriaesfiharia.com.br/terramail/,./raw_htmldom_data/933.html,True
https://www.victoriaesfiharia.com.br/terramail,./raw_htmldom_data/934.html,True
https://magiclinefilms.com/zxzvxc/app/login.php,./raw_htmldom_data/935.html,True
https://ipfs.io/ipfs/bafybeihmqgjposbdbsyos3chy6mx5d7wks2annulxf2boroymq5injih64/ab-00-up.html,./raw_htmldom_data/936.html,True
https://dokumenty-nest.pl/,./raw_htmldom_data/937.html,True
https://viacredcoopel.top,./raw_htmldom_data/938.html,True
https://ee-games.stagingds.co.uk/,./raw_htmldom_data/939.html,True
https://bip-provincia.webcindario.com/acceso_virtual.html,./raw_htmldom_data/940.html,True
https://cancelar-numero9.webcindario.com/,./raw_htmldom_data/941.html,True
https://cancelar-cambio5.webcindario.com/,./raw_htmldom_data/942.html,True
https://cancelar-cambio3.webcindario.com/,./raw_htmldom_data/943.html,True
https://cancelar-numero7.webcindario.com/,./raw_htmldom_data/944.html,True
https://optimisar.webcindario.com/,./raw_htmldom_data/945.html,True
https://monique-leischner-mtra.de/web/manorfarmtingrith.co.uk/public_html/customeer/it,./raw_htmldom_data/946.html,True
https://monique-leischner-mtra.de/web/manorfarmtingrith.co.uk/public_html/customeer/it/,./raw_htmldom_data/947.html,True
https://cl0999.brizy.site/,./raw_htmldom_data/948.html,True
https://qrco.de/beUSMS,./raw_htmldom_data/949.html,True
https://gxk.dmv.mybluehost.me/ufrr/,./raw_htmldom_data/950.html,True
https://qrco.de/beUQTk,./raw_htmldom_data/951.html,True
https://www.flowcode.com/page/mixerss,./raw_htmldom_data/952.html,True
https://new.express.adobe.com/webpage/ZnAyRhesEKv17,./raw_htmldom_data/953.html,True
http://log-27.com/MPS/,./raw_htmldom_data/954.html,True
https://new.express.adobe.com/webpage/QVJpi0kMuqw1y,./raw_htmldom_data/955.html,True
https://cs2logitech.com,./raw_htmldom_data/956.html,True
https://pub-a8634885e85741b19497f7bb4099e38b.r2.dev/genz-gen-came.html#cert@nameshield.net,./raw_htmldom_data/957.html,True
http://site9613853.92.webydo.com/?v=1,./raw_htmldom_data/958.html,True
https://bill.deepakgeorge.com/wp-includes/SimplePie/Net/mk.htm,./raw_htmldom_data/959.html,True
https://ipfs.io/ipfs/QmUNCZrnySbgNPgSE1RaCQzryWVtJY8vXPvZ57PgmntdR5?filename=Wetransfer-19.html,./raw_htmldom_data/960.html,True
https://ipfs.io/ipfs/QmUNCZrnySbgNPgSE1RaCQzryWVtJY8vXPvZ57PgmntdR5?filename=Wetransfer-19.html#anna.benesova@mup.cz,./raw_htmldom_data/961.html,True
https://storage.googleapis.com/bigchangewillhappendinyourlife/blkbrt27IT.html,./raw_htmldom_data/962.html,True
https://storage.googleapis.com/bigchangewillhappendinyourlife/blinkbrt29it.html,./raw_htmldom_data/963.html,True
http://allrevokecash.pages.dev,./raw_htmldom_data/964.html,True
https://allrevokecash.pages.dev/,./raw_htmldom_data/965.html,True
https://dev7432.dtbsn3ejl7im3.amplifyapp.com/,./raw_htmldom_data/966.html,True
https://dev4987.d3vozhn693uieu.amplifyapp.com/,./raw_htmldom_data/967.html,True
https://dev616.d1wxga0manovpa.amplifyapp.com/,./raw_htmldom_data/968.html,True
http://1inch-audit.top,./raw_htmldom_data/969.html,True
https://ff.member.garema.id.vn/gakkmgzb1sbs409ce2mqejfeowlynwcnvimw4ms,./raw_htmldom_data/970.html,True
https://freeefire-claimsss.crazzy.my.id/,./raw_htmldom_data/971.html,True
https://garena.uudaikhuyenmai.com/,./raw_htmldom_data/972.html,True
https://codashopz0wye.klik-disini.my.id/coda-ff/,./raw_htmldom_data/973.html,True
https://codashopduzdg.klik-disini.my.id/coda-ff/,./raw_htmldom_data/974.html,True
https://lacimaecohotel.com/wp-admin/js/Earthcorejp/?uid=aaaa@example.jp,./raw_htmldom_data/975.html,True
https://karuisirh3.etcepo.duanjumao.com.cn/,./raw_htmldom_data/976.html,True
https://afixtoken.com/,./raw_htmldom_data/977.html,True
https://docs.google.com/presentation/d/e/2PACX-1vT5HE7Y6zyVPzEgnN0zsA4KW348dTu1n2uTLlTQJf_8KRhJNz4FwFfSkZ5B-KO_4N3wB7NmCIZQoWW1/pub?start=false&amp;loop=false&amp;delayms=3000,./raw_htmldom_data/978.html,True
https://uspotech.top/AUETC/,./raw_htmldom_data/979.html,True
https://usps.uspsbaaa.com/information,./raw_htmldom_data/980.html,True
https://allegrolokalnie.zakupw-sieci.pl/oferta/iphone-14-pro-128gb?id=355717905,./raw_htmldom_data/981.html,True
https://vo.la/1ZVTe,./raw_htmldom_data/982.html,True
https://allegrolokalnie.zakupw-sieci.pl/oferta/vorwerk-thermomix-tm6-bialy-uzywany?id=319633694,./raw_htmldom_data/983.html,True
http://dbs.logiin-ebaannkiing.com/,./raw_htmldom_data/984.html,True
https://workshopcollections.com/,./raw_htmldom_data/985.html,True
https://beacons.ai/loginscreenatt,./raw_htmldom_data/986.html,True
